Year,Project,Survey,SampleDate,Station,TotalMeter,Volume,Hyperacanthomysis longirostris,Acanthomysis hwanhaiensis,Alienacanthomysis macropsis,Deltamysis holmquistae,Neomysis kadiakensis,Neomysis mercedis,Orientomysis aspera,Unidentified Mysid
2007,FMWT,3,9/11/2007,504,32841,54.71724397,23.88376833,0,0,0,0.768674243,0,0,0
2007,FMWT,3,9/11/2007,519,27742,46.22166749,0.230318992,0,0,0,0.045039629,0,0,0
2007,FMWT,3,9/12/2007,508,24350,40.5701681,8.167123324,0,0,0,0.162180842,0,0,0
2007,FMWT,3,9/12/2007,513,25268,42.09967177,1.890442706,0,0,0,0.021929529,0,0,0
2007,FMWT,3,9/12/2007,520,26784,44.62551878,1.012428772,0,0,0,0.038738309,0,0,0
2007,FMWT,3,9/12/2007,804,33926,56.52499068,0.082798373,0,0,0,0,0,0,0
2007,FMWT,3,9/13/2007,707,29567,49.26234744,2.678281567,0,0,0,0,0,0,0
2007,FMWT,3,9/18/2007,704,33434,55.70525668,0.600714828,0,0,0,0.023268503,0,0,0
2007,FMWT,3,9/18/2007,706,34053,56.73658868,0.010902325,0,0,0,0,0,0,0
2007,FMWT,4,10/4/2007,504,31005,51.65823663,0.836792469,0,0,0,0.136306901,0,0,0
2007,FMWT,4,10/4/2007,519,30212,50.33699871,0.405641685,0,0,0,0.081306931,0,0,0
2007,FMWT,4,10/9/2007,508,33209,55.33037833,0.331621282,0,0,0,0.034404628,0,0,0
2007,FMWT,4,10/9/2007,513,28607,47.66286648,0.43976973,0,0,0,0.049105305,0,0,0
2007,FMWT,4,10/9/2007,802,24294,40.47686504,0.018049958,0,0,0,0.008185154,0,0,0
2007,FMWT,4,10/10/2007,704,19710,32.83934346,6.059190705,0,0,0,0.141338843,0,0,0
2007,FMWT,4,10/10/2007,706,32479,54.11410635,0.043011626,0,0,0,0.012948352,0,0,0
2007,FMWT,4,10/10/2007,707,27234,45.37527548,0.02413804,0,0,0,0,0,0,0
2010,FMWT,3,9/7/2010,405,33188,55.29538969,0.190887404,0,0.031469157,0,0.046831108,0,0,0
2010,FMWT,3,9/13/2010,411,36629,61.02852925,0.007417796,0,0,0,0.050077333,0,0,0
2010,FMWT,3,9/14/2010,418,36414,60.67031216,0.01296325,0,0.054321434,0,0.006859424,0,0,0
2010,FMWT,3,9/14/2010,602,35746,59.55734,0,0,0,0,0.001514485,0,0,0
2010,FMWT,3,9/14/2010,606,34507,57.49300988,0.377635826,0,0,0,0.483009613,0,0,0
2010,FMWT,3,9/14/2010,608,32600,54.3157076,0.096411218,0,0,0,0.159632292,0,0,0
2010,FMWT,3,9/15/2010,501,23539,39.21893991,0.33312892,0,0.117022244,0,0.197795354,0,0,0
2010,FMWT,3,9/15/2010,504,36471,60.76528135,7.33064514,0,0,0,1.198792783,0,0,0
2010,FMWT,3,9/15/2010,508,30880,51.44997088,0.062290579,0,0,0,0,0,0,0
2011,FMWT,3,9/8/2011,405,26525,44.19399215,0.870288179,0,0.003693495,0,0.224881226,0,0,0
2011,FMWT,3,9/8/2011,411,37374,62.26979312,0.400939205,0,0,0,0.268267879,0,0,0
2011,FMWT,3,9/8/2011,502,30657,51.07842478,3.778294101,0,0,0,0.351056539,0,0,0
2011,FMWT,3,9/8/2011,504,30645,51.05843127,9.526407202,0,0,0,0.348971181,0,0,0
2011,FMWT,3,9/12/2011,416,32584,54.28904958,0.078055959,0,0,0,0.165034871,0,0,0
2011,FMWT,3,9/12/2011,418,29690,49.46728094,1.515801616,0,0,0,0.158465926,0,0,0
2011,FMWT,3,9/12/2011,602,29914,49.84049316,0.021679694,0,0,0,0.050080892,0,0,0
2011,FMWT,3,9/12/2011,606,28612,47.67119711,7.356412752,0,0,0,0.418004397,0,0,0
2011,FMWT,3,9/12/2011,802,27650,46.0683839,0.553105984,0,0,0,0,0,0,0
2011,FMWT,3,9/12/2011,804,29690,49.46728094,0.447807976,0,0,0,0,0,0,0
2011,FMWT,3,9/13/2011,508,34033,56.70326616,1.94781915,0,0,0,0.001892607,0,0,0
2011,FMWT,3,9/13/2011,513,35657,59.40905478,1.05274562,0,0,0,0,0,0,0
2011,FMWT,3,9/13/2011,519,37439,62.37809131,0.001264859,0,0,0,0,0,0,0
2011,FMWT,3,9/13/2011,608,31235,52.04144561,1.111582553,0,0,0,0.007987596,0,0,0
2011,FMWT,3,9/14/2011,704,32688,54.46232669,0.118413035,0,0,0,0,0,0,0
2011,FMWT,3,9/14/2011,706,32022,53.35268677,0.002930379,0,0,0,0,0,0,0
2011,FMWT,3,9/14/2011,711,29241,48.71919037,0,0,0,0,0,0.00303884,0,0
2011,FMWT,3,9/14/2011,716,32709,54.49731533,0.038352966,0,0,0,0,0.015782149,0,0
2011,FMWT,3,9/15/2011,809,30549,50.89848317,0,0,0.003206977,0,0,0,0,0
2011,FMWT,3,9/15/2011,910,33535,55.87353541,0,0,0,0,0,0.001087494,0,0
2011,FMWT,3,9/15/2011,912,33590,55.96517234,0,0,0,0,0,0.000917621,0,0
2011,FMWT,3,9/20/2011,719,32352,53.90250835,3.191254955,0,0,0,0,0,0,0.001673368
2011,FMWT,3,9/20/2011,723,31908,53.16274841,0.003074722,0,0,0,0,0.007828102,0,0
2011,FMWT,3,9/20/2011,795,29728,49.53059373,0.002090407,0,0,0,0,0,0,0
2011,FMWT,3,9/20/2011,796,32325,53.85752295,0.516991338,0,0,0,0,0,0,0
2011,FMWT,3,9/20/2011,797,32607,54.32737048,3.129806389,0,0,0,0,0,0,0
2011,FMWT,4,10/5/2011,405,29275,48.77583865,1.311693144,0,0.036559823,0,0.289129018,0,0,0
2011,FMWT,4,10/5/2011,411,37055,61.73829893,0.001597102,0,0.001691105,0,0.013923854,0,0,0
2011,FMWT,4,10/5/2011,501,32398,53.97915015,0.076576471,0,0,0,0.020889396,0,0,0
2011,FMWT,4,10/5/2011,504,34717,57.84289634,2.360420113,0,0,0,0.170091302,0,0,0
2011,FMWT,4,10/6/2011,416,39066,65.08887832,0.920860493,0,0,0,0.119203014,0,0,0
2011,FMWT,4,10/6/2011,418,35241,58.71594637,0.295601985,0,0,0,0.067146504,0,0,0
2011,FMWT,4,10/6/2011,602,33605,55.99016423,0.016203062,0,0,0,0.041304433,0,0,0
2011,FMWT,4,10/6/2011,606,42051,70.06226443,1.0272088,0,0,0,0.059340535,0,0,0
2011,FMWT,4,10/7/2011,508,20301,33.82402393,2.549432441,0,0,0,0.001290321,0,0,0
2011,FMWT,4,10/7/2011,513,36785,61.28844491,0.013020212,0,0,0,0,0,0,0
2011,FMWT,4,10/7/2011,519,34255,57.07314613,0.037305633,0,0,0,0.007600379,0,0,0
2011,FMWT,4,10/7/2011,608,43622,72.67974837,0.004302261,0,0,0,0,0,0,0
2011,FMWT,4,10/10/2011,704,33979,56.61329535,0,0,0,0,0,0.000302372,0,0
2011,FMWT,4,10/10/2011,711,32922,54.85220017,0.00172162,0,0,0,0,0,0,0
2011,FMWT,4,10/10/2011,716,30121,50.18538125,0.038561499,0,0,0,0,0,0,0
2011,FMWT,4,10/11/2011,804,35583,59.28576146,0.001925581,0,0,0,0,0,0,0
2011,FMWT,4,10/11/2011,809,34672,57.76792067,0.000853435,0,0,0,0,0,0,0
2011,FMWT,4,10/11/2011,910,33598,55.97850135,0.000352365,0,0,0,0,0,0,0
2011,FMWT,4,10/14/2011,719,34549,57.56298717,3.452794343,0,0,0,0,0,0,0
2011,FMWT,4,10/14/2011,795,34449,57.39637457,0.012026588,0,0,0,0,0,0,0
2011,FMWT,4,10/14/2011,796,33633,56.03681576,0.166199832,0,0,0,0,0,0,0
2011,FMWT,4,10/14/2011,797,32941,54.88385657,1.345041574,0,0,0,0,0,0,0
2011,FMWT,5,11/9/2011,405,22468,37.43451897,0.050070321,0,0.120962388,0,0,0,0,0
2011,FMWT,5,11/9/2011,411,29844,49.72386434,0.12297137,0,0.662501584,0,0.039490766,0,0,0
2011,FMWT,5,11/9/2011,501,36203,60.31875958,0.015323969,0,0.141628074,0,0.004468341,0,0,0
2011,FMWT,5,11/9/2011,504,24064,40.09365606,0.529819493,0,0.237040896,0,0.031831673,0,0,0
2011,FMWT,5,11/10/2011,416,37018,61.67665227,0.040204441,0,0.128508115,0,0,0,0,0
2011,FMWT,5,11/10/2011,418,37236,62.03986774,0.002520051,0,0.03504464,0,0,7.38E-05,0,0
2011,FMWT,5,11/10/2011,602,34496,57.4746825,0,0,0.001518715,0,0,0,0,0
2011,FMWT,5,11/10/2011,606,34252,57.06814775,0.018514875,0,0.019174571,0,0.004740775,0,0,0
2011,FMWT,5,11/10/2011,802,8206,13.67222996,0.512326441,0,0,0,0,0,0,0
2011,FMWT,5,11/10/2011,804,4675,7.78913905,2.024583998,0,0.005603167,0,0.020956138,0,0,0
2011,FMWT,5,11/14/2011,508,27062,45.08870181,0.068216698,0,0.003999861,0,0.008968762,0.004631136,0,0
2011,FMWT,5,11/14/2011,519,30602,50.98678785,0.002320743,0,0.00256795,0,0.023336723,0.005286169,0,0
2011,FMWT,5,11/15/2011,704,5513,9.185352638,27.09899671,0,0,0,0,0,0,0
2011,FMWT,5,11/15/2011,706,13296,22.1528113,0.202481074,0,0,0,0,0,0,0
2011,FMWT,5,11/15/2011,707,31694,52.80619744,0.009292726,0,0,0,0,0,0,0
2011,FMWT,5,11/16/2011,809,6520,10.86314152,0.05308852,0,0,0,0,0,0,0
2011,FMWT,5,11/17/2011,812,13199,21.99119707,0.004294202,0,0,0,0,0,0,0
2011,FMWT,5,11/17/2011,919,35535,59.20578741,0.000832709,0,0,0,0,0,0,0
2011,FMWT,5,11/21/2011,719,43248,72.05661725,38.44052868,0,0,0,0,0,0,0
2011,FMWT,5,11/21/2011,723,38267,63.75764364,0.298956481,0,0,0,0,0.010259689,0,0
2011,FMWT,5,11/21/2011,795,36604,60.9868761,0.111090125,0,0,0,0,0,0,0
2011,FMWT,5,11/21/2011,796,35480,59.11415048,4.326707029,0,0,0,0,0.073335855,0,0
2011,FMWT,5,11/21/2011,797,44775,74.60079165,23.42715479,0,0,0,0.008183422,0.024550267,0,0
2011,FMWT,6,12/7/2011,405,33793,56.30339592,0.020188442,0,1.898817688,0,0.072388487,0,0,0
2011,FMWT,6,12/7/2011,411,30377,50.6119095,0.085116089,0,0.72098504,0,0.016445276,0,0,0
2011,FMWT,6,12/7/2011,502,33901,56.48333753,0.008687758,0,0.584653302,0,0.053166905,0,0,0
2011,FMWT,6,12/7/2011,504,38710,64.49573746,0.034131044,0,1.243100876,0,0,0,0,0
2011,FMWT,6,12/8/2011,416,35047,58.39271792,0.008403677,0,1.240932688,0,0,0,0,0
2011,FMWT,6,12/8/2011,418,34936,58.20777794,0.029709302,0,1.045989171,0,0.001549599,0,0,0.001549599
2011,FMWT,6,12/8/2011,602,32770,54.59894902,0.000902969,0,0.612860341,0,0,0,0,0
2011,FMWT,6,12/8/2011,606,36982,61.61667173,0,0,0.030041351,0,0.019032938,0.015422505,0,0.000708312
2011,FMWT,6,12/9/2011,508,27346,45.5618816,0.988330065,0,0.061300611,0,0.009705736,0,0,0
2011,FMWT,6,12/9/2011,513,30068,50.09707657,0.206727715,0,0.164804453,0,0.017168362,0,0,0
2011,FMWT,6,12/9/2011,519,31567,52.59459944,0.000375036,0,0.002310584,0,0,0,0,0
2011,FMWT,6,12/9/2011,608,32262,53.75255701,0.190067152,0,0.00081194,0,0.055567581,0,0,0
2011,FMWT,6,12/9/2011,802,31707,52.82785708,0.027867021,0,0.001976343,0,0,0,0,0
2011,FMWT,6,12/12/2011,704,33363,55.58696174,10.7282093,0,0,0,0.180269578,0,0,0
2011,FMWT,6,12/12/2011,706,33829,56.36337645,0.009431206,0,0,0,0,0,0,0
2011,FMWT,6,12/12/2011,707,33973,56.6032986,0,0,0,0,0,0.000302425,0,0
2011,FMWT,6,12/12/2011,716,32082,53.45265433,0.009107352,0,0,0,0,0,0,0
2011,FMWT,6,12/13/2011,804,32024,53.35601902,0.040786884,0,0,0,0,0,0,0
2011,FMWT,6,12/13/2011,809,35116,58.50768062,0.001685289,0,0,0,0,0,0,0
2011,FMWT,6,12/14/2011,815,32662,54.41900741,0.010949305,0,0,0,0,0,0,0
2011,FMWT,6,12/16/2011,719,32668,54.42900417,0.187595043,0,0,0,0,0,0,0
2011,FMWT,6,12/16/2011,795,32196,53.6425927,0.009439506,0,0,0,0,0,0,0
2011,FMWT,6,12/16/2011,796,35615,59.33907749,2.347857906,0,0,0,0,0,0,0
2011,FMWT,6,12/16/2011,797,34876,58.10781038,1.51336074,0,0,0,0,0,0,0
2012,FMWT,3,9/6/2012,405,28769,47.93277889,0.001646045,0,0.023566535,0,0.028404718,0,0,0
2012,FMWT,3,9/6/2012,411,18646,31.0665854,0.002856797,0,0,0,0.027876791,0,0,0
2012,FMWT,3,9/6/2012,501,21333,35.54346596,0.798844579,0,0,0,0.099757554,0,0,0
2012,FMWT,3,9/10/2012,416,35243,58.71927862,0.092790821,0,0.025787414,0,0.11832879,0,0,0
2012,FMWT,3,9/10/2012,418,37597,62.64133922,0.147645785,0,0.013730306,0,0.300625978,0,0,0
2012,FMWT,3,9/10/2012,602,26447,44.06403432,0.03328434,0,0,0,0.115163126,0.000990464,0,0
2012,FMWT,3,9/10/2012,606,30752,51.23670675,0.321502862,0,0,0,0.241105799,0.005798047,0,0
2012,FMWT,3,9/10/2012,802,35617,59.34240974,0.002634602,0,0,0,0.019591097,0,0,0
2012,FMWT,3,9/10/2012,804,30842,51.38665809,0.005099827,0,0,0,0.005245034,0,0,0
2012,FMWT,3,9/11/2012,504,40975,68.26951285,0.094317445,0,0,0,0,0.007098892,0,0
2012,FMWT,3,9/11/2012,508,43782,72.94632853,4.899462123,0,0,0,0.00847133,0.009883255,0,0
2012,FMWT,3,9/11/2012,513,30565,50.92514119,1.372989853,0,0,0,0.075333088,0,0,0
2012,FMWT,3,9/11/2012,519,35313,58.83590744,0.003352149,0,0,0,0.036519481,0,0,0
2012,FMWT,3,9/11/2012,608,43167,71.92166104,0.00816909,0,0,0,0.008340062,0.000606825,0,0
2012,FMWT,3,9/12/2012,704,33048,55.06213205,0.512244178,0,0,0,0,0,0,0
2012,FMWT,3,9/12/2012,706,24523,40.8584079,0.003619904,0,0,0,0,0,0,0
2012,FMWT,3,9/12/2012,711,44920,74.84237992,0.000527104,0,0,0,0,0,0,0
2012,FMWT,3,9/13/2012,809,34695,57.80624157,0.00776976,0,0,0,0,0,0,0
2012,FMWT,3,9/13/2012,912,33552,55.90185955,0.003175241,0,0,0,0,0,0,0
2012,FMWT,3,9/19/2012,719,32431,54.03413231,4.11628748,0,0,0,0,0,0,0
2012,FMWT,3,9/19/2012,795,32431,54.03413231,2.796359238,0,0,0,0,0,0,0
2012,FMWT,3,9/19/2012,796,30645,51.05843127,5.645872779,0,0,0,0,0,0,0
2012,FMWT,3,9/19/2012,797,40355,67.23651473,2.481071982,0,0,0,0,0.010421249,0,0
2012,FMWT,4,10/3/2012,405,26692,44.47223519,0.000887065,0,0.047179606,0,0.003670386,0.018181553,0,0
2012,FMWT,4,10/3/2012,411,37576,62.60635058,0.001574958,0,0,0,0,0,0,0
2012,FMWT,4,10/3/2012,501,21207,35.33353408,1.159078003,0,0,0,0.059831787,0,0,0
2012,FMWT,4,10/3/2012,504,30160,50.25036016,1.310052196,0,0,0,0.083364808,0.002759035,0,0.244118157
2012,FMWT,4,10/4/2012,416,31845,53.05778247,0.07010056,0,0.043926812,0,0.055997086,0.060532171,0,0
2012,FMWT,4,10/4/2012,418,44635,74.36753401,0.122240104,0,0.001277421,0,0.008021791,0.005499266,0,0
2012,FMWT,4,10/4/2012,602,42621,71.01195625,0.215368257,0,0,0,0.026906457,0.028203865,0,0
2012,FMWT,4,10/4/2012,606,37476,62.43973798,0.137202307,0,0,0,0.059568949,0.00034746,0,0
2012,FMWT,4,10/4/2012,802,34415,57.33972629,0.038035962,0,0,0,0.009154065,0.000298541,0,0
2012,FMWT,4,10/4/2012,804,33390,55.63194714,0.755569729,0,0,0,0.038322926,0,0,0
2012,FMWT,4,10/11/2012,508,26692,44.47223519,9.257113484,0,0,0,0.032340039,0.01351032,0,0
2012,FMWT,4,10/11/2012,513,26692,44.47223519,0.95631295,0,0,0,0,0.025038402,0,0
2012,FMWT,4,10/11/2012,519,41496,69.1375645,0.004840151,0,0,0,0,0.001304627,0,0.001304627
2012,FMWT,4,10/11/2012,608,9122,15.19840137,0.039479021,0,0,0,0.057885445,0.005743215,0,0
2012,FMWT,4,10/15/2012,704,12629,21.04150525,35.03563301,0,0,0,0,0,0,0
2012,FMWT,4,10/15/2012,711,11906,19.83689616,0.004970654,0,0,0,0,0.004547018,0,0
2012,FMWT,4,10/15/2012,716,10820,18.02748332,0.045818195,0,0,0,0,0.014950771,0,0
2012,FMWT,4,10/15/2012,721,13461,22.42772209,0.006970998,0,0,0,0,0,0,0
2012,FMWT,4,10/16/2012,809,8851,14.74688123,0.710849211,0,0,0,0.135965907,0,0,0
2012,FMWT,4,10/18/2012,719,8270,13.77886202,56.73920179,0,0,0,0,0,0,0
2012,FMWT,4,10/18/2012,795,32273,53.7708844,1.521248075,0,0,0,0,0,0,0
2012,FMWT,4,10/18/2012,796,32419,54.01413879,6.273712177,0,0,0,0,0,0,0
2012,FMWT,4,10/18/2012,797,34199,56.97984307,103.8445804,0,0,0,0,0,0,0
2012,FMWT,5,11/6/2012,812,30963,51.58825934,0.000764704,0,0,0,0,0,0,0
2012,FMWT,5,11/7/2012,405,34741,57.88288337,0,0,0.030325542,0,0,0,0,0
2012,FMWT,5,11/7/2012,411,28813,48.00608844,0.001026978,0,0.169831353,0,0,0,0,0
2012,FMWT,5,11/7/2012,501,32013,53.33769164,0.000369811,0,0.285970497,0,0.027176822,0,0,0
2012,FMWT,5,11/7/2012,504,36252,60.40039975,0,0,0.019130004,0,0.009867241,0.006890077,0,0
2012,FMWT,5,11/8/2012,416,28472,47.43793947,2.020996128,0,0.312829612,0,0.058253253,0.071559615,0,0
2012,FMWT,5,11/8/2012,418,26513,44.17399864,2.964792744,0,0.062707218,0,0.331907789,0,0,0
2012,FMWT,5,11/8/2012,602,37272,62.09984827,0.007646862,0,0.010405523,0,0.002628513,0.006215728,0,0
2012,FMWT,5,11/8/2012,606,35826,59.69063008,0.963195518,0,0,0,0.05116791,0,0,0
2012,FMWT,5,11/8/2012,802,32036,53.37601254,0.008868684,0,0.000320711,0,0,0,0,0
2012,FMWT,5,11/8/2012,804,30834,51.37332908,0.667230942,0,0.000333213,0,0.017075066,0.006095938,0,0
2012,FMWT,5,11/13/2012,508,39579,65.94360095,0.690136165,0,0,0,0.015189317,0.001181015,0,0
2012,FMWT,5,11/13/2012,513,35863,59.75227674,0.586070649,0,0,0,0.012299132,0.000730413,0,0
2012,FMWT,5,11/13/2012,519,44540,74.20925204,0.001727557,0,0.000230676,0,0.021531295,0,0,0
2012,FMWT,5,11/14/2012,704,28010,46.66818926,2.978804684,0,0,0,0.022934188,0,0,0
2012,FMWT,5,11/14/2012,706,29908,49.83049641,3.219348009,0,0,0,0,0,0,0
2012,FMWT,5,11/14/2012,707,32819,54.68058919,0.218167421,0,0,0,0,0,0,0
2012,FMWT,5,11/14/2012,711,26264,43.75913326,0.126220548,0,0,0,0,0.036701548,0,0
2012,FMWT,5,11/14/2012,716,30261,50.41863889,0.014336881,0,0,0,0,0.001788995,0,0
2012,FMWT,5,11/15/2012,719,34371,57.26641675,11.63547721,0,0,0,0,0,0,0
2012,FMWT,5,11/15/2012,795,34090,56.79823534,0.034850202,0,0,0,0,0,0,0
2012,FMWT,5,11/15/2012,796,33825,56.35671195,3.181544528,0,0,0,0,0,0,0
2012,FMWT,5,11/15/2012,797,42012,69.99728551,2.256077281,0,0,0,0,0,0,0
2012,FMWT,6,12/5/2012,405,30936,51.54327394,0.160220037,0,0.250754365,0,0.116399147,0.057298939,0,0
2012,FMWT,6,12/5/2012,411,24844,41.39323434,0.261685274,0,0.035534085,0,0.066359218,0.025252487,0,0
2012,FMWT,6,12/5/2012,501,23631,39.37222351,1.44069538,0,0.002333236,0,0.006845556,0,0,0
2012,FMWT,6,12/5/2012,504,24490,40.80342574,2.23335349,0,0,0,0.021078738,0.027289711,0,0
2012,FMWT,6,12/6/2012,416,29556,49.24402006,1.490838237,0,0.025600113,0,0.163806021,0.006859831,0,0
2012,FMWT,6,12/6/2012,418,26179,43.61751255,1.153069449,0,0.043009757,0,0.082188126,0,0,0
2012,FMWT,6,12/6/2012,602,28514,47.50791676,0.072307651,0,0,0,0,0,0,0
2012,FMWT,6,12/6/2012,606,32648,54.39568165,0.949767455,0,0.000314699,0,0.057139756,0.011223129,0,0
2012,FMWT,6,12/6/2012,802,23365,38.92903399,0.107505395,0,0,0,0,0,0,0
2012,FMWT,6,12/6/2012,804,27307,45.49690268,0.583055359,0,0,0,0,0,0,0
2012,FMWT,6,12/7/2012,508,29790,49.63389354,0.294642934,0,0,0,0,0,0,0
2012,FMWT,6,12/7/2012,513,29638,49.38064239,0.132327308,0,0,0,0,0,0,0
2012,FMWT,6,12/7/2012,519,32724,54.52230722,0.027010991,0,0,0,0.001654345,0.00590494,0,0
2012,FMWT,6,12/7/2012,608,31797,52.97780842,0.085732079,0,0,0,0,0,0,0
2012,FMWT,6,12/11/2012,719,29522,49.18737177,0.754038317,0,0,0,0,0,0,0
2012,FMWT,6,12/11/2012,795,34584,57.62130158,0.018321736,0,0,0,0,0,0,0
2012,FMWT,6,12/11/2012,797,29393,48.97244152,2.007088493,0,0,0,0,0,0,0
2012,FMWT,6,12/12/2012,706,37144,61.88658414,0.006928878,0,0,0,0,0,0,0
2012,FMWT,6,12/12/2012,707,36577,60.9418907,0.019201169,0,0,0,0,0,0,0
2012,FMWT,6,12/12/2012,711,39251,65.39711163,0.035785409,0,0,0,0,0,0,0
2012,FMWT,6,12/12/2012,716,39841,66.38012597,0.013621983,0,0,0,0,0,0,0
2013,FMWT,3,9/5/2013,405,25312,42.17298131,2.217146356,0,0.014475851,0,0.794850195,0,0.40980072,0.010693898
2013,FMWT,3,9/5/2013,411,39153,65.23383128,0.194111418,0,0,0,0.503741724,0,0.001382698,0.004756906
2013,FMWT,3,9/5/2013,501,26527,44.1973244,9.588232209,0,0,0,1.034708773,0,0,0
2013,FMWT,3,9/5/2013,504,28457,47.41294758,32.4982644,0,0,0,0.333565441,0,0,0
2013,FMWT,3,9/9/2013,416,38160,63.57936816,0.093374624,0,0,0,0.005942421,0,0.004824047,0.002837358
2013,FMWT,3,9/9/2013,418,41411,68.99594379,8.540782113,0,0,0,1.387019693,0,0,0.029356052
2013,FMWT,3,9/9/2013,602,33401,55.65027453,0.060726065,0,0,0,0.154535649,0,0,0
2013,FMWT,3,9/9/2013,606,31750,52.8995005,1.961184339,0,0,0,0.506768725,0,0,0.043650452
2013,FMWT,3,9/9/2013,802,38718,64.50906647,0.014763656,0,0,0,0.001061449,0,0,0.000796087
2013,FMWT,3,9/9/2013,804,28891,48.13604627,0.062091864,0,0,0,0.004170759,0,0,0.028956666
2013,FMWT,3,9/10/2013,508,36382,60.61699613,5.438344009,0,0,0,0.102520385,0,0,0.023808165
2013,FMWT,3,9/10/2013,513,26450,44.0690327,1.905671147,0,0,0,0.034889274,0,0,0
2013,FMWT,3,9/10/2013,519,41668,69.42413817,0.086641952,0,0,0,0.024124014,0,0,0
2013,FMWT,3,9/10/2013,608,36835,61.37175121,0.32752324,0,0,0,0.144749393,0,0,0.016166817
2013,FMWT,3,9/11/2013,704,29047,48.39596192,4.09480387,0,0,0,0.004922273,0,0,0.00852007
2013,FMWT,3,9/11/2013,706,29225,48.69253235,4.341011467,0,0,0,0,0,0,0
2013,FMWT,3,9/11/2013,707,28094,46.80814384,0.009027796,0,0,0,0,0,0,0.000365711
2013,FMWT,3,9/12/2013,809,31585,52.62458971,0.00281054,0,0,0,0,0,0,0
2013,FMWT,3,9/16/2013,812,39007,64.99057688,0.03613861,0,0,0,0.004147136,0,0,7.04E-05
2013,FMWT,3,9/18/2013,719,30092,50.13706359,6.673088997,0,0,0,0,0,0,0.017990426
2013,FMWT,3,9/18/2013,723,29053,48.40595868,0.084005631,0,0,0,0,0,0,0.005590141
2013,FMWT,3,9/18/2013,795,47710,79.49087146,0.006559426,0,0,0,0,0,0,0.000545856
2013,FMWT,3,9/18/2013,796,37870,63.09619162,0.382737547,0,0,0,0,0,0,0.007608737
2013,FMWT,3,9/18/2013,797,40813,67.99960044,2.663083581,0,0,0,0,0,0,0.199499508
2013,FMWT,4,10/3/2013,405,23458,39.08398371,8.581064373,0,0,0,1.029125736,0,3.519568812,0.002233337
2013,FMWT,4,10/3/2013,411,35038,58.37772279,0.42431197,0,0.000293233,0,1.134518691,0,0.013909443,0.002796105
2013,FMWT,4,10/3/2013,501,28515,47.50958289,1.1878004,0,0,0,0.278260995,0,0.000918632,0.004354366
2013,FMWT,4,10/3/2013,504,32761,54.58395389,2.364577898,0,0,0,0.06671902,0,0,0
2013,FMWT,4,10/7/2013,416,29582,49.28733933,3.919072013,0,0.018335917,0,0.304978846,0,0.55109175,0.001830059
2013,FMWT,4,10/7/2013,418,28785,47.95943691,0.211334206,0,0.008074981,0,0.18348026,0,0.008823583,0
2013,FMWT,4,10/7/2013,602,32526,54.19241428,0.04262944,0,0.012929642,0,0.094028061,0,0.000631759,0
2013,FMWT,4,10/7/2013,606,35558,59.24410831,4.586744681,0,0,0,0.918730097,0,0,0.131031907
2013,FMWT,4,10/7/2013,802,34839,58.04616371,1.032424622,0,0,0,0.059711334,0,0,0.055940885
2013,FMWT,4,10/7/2013,804,28824,48.02441582,1.251546935,0,0,0,0,0,0,0.01111655
2013,FMWT,4,10/8/2013,508,39493,65.80031412,0.529942975,0,0,0,0.095269411,0,0,0.006853973
2013,FMWT,4,10/8/2013,513,46186,76.95169544,0,0,0.699352437,0,0.063788123,0,0,0.005905717
2013,FMWT,4,10/8/2013,519,43340,72.20990084,0.064843282,0,0,0,0.043795725,0,0.002090584,0.005927226
2013,FMWT,4,10/8/2013,608,43936,73.20291194,0.013451881,0,0,0,0.011090251,0,0,0
2013,FMWT,4,10/9/2013,704,41849,69.72570697,0.494943914,0,0,0,0.026304823,0,0,0.029545125
2013,FMWT,4,10/9/2013,706,36678,61.11016943,0.135520956,0,0,0,0.004580648,0,0,0.000560243
2013,FMWT,4,10/9/2013,707,35841,59.71562197,0.138813074,0,0,0,0,0,0,0.000730861
2013,FMWT,4,10/9/2013,711,44078,73.43950183,0.001342634,0,0,0,0,0,0,0
2013,FMWT,4,10/10/2013,809,36288,60.46038029,0.036397347,0,0,0,0,0,0,0.000283132
2013,FMWT,4,10/10/2013,906,32046,53.3926738,0.002928185,0,0,0,0,0,0,0.001689346
2013,FMWT,4,10/10/2013,910,34529,57.52966465,0.083261204,0,0,0,0,0,0,0.001517264
2013,FMWT,4,10/10/2013,912,30917,51.51161754,0.034939165,0,0,0,0,0,0,0.001329274
2013,FMWT,4,10/14/2013,812,32326,53.85918908,0.002563613,0,0,0,0,0,0,0
2013,FMWT,4,10/14/2013,815,43203,71.98164158,0.015513995,0,0,0,0,0,0,0
2013,FMWT,4,10/16/2013,719,34984,58.28775198,2.208703186,0,0,0,0,0,0,0.006189892
2013,FMWT,4,10/16/2013,723,36172,60.26710967,0.003927491,0,0,0,0,0.00028404,0,0.00028404
2013,FMWT,4,10/16/2013,795,36381,60.61533001,0.598002878,0,0,0,0,0,0,0.004426149
2013,FMWT,4,10/16/2013,796,34381,57.28307801,1.634948196,0,0,0,0,0,0,0.003149227
2013,FMWT,4,10/16/2013,797,34874,58.10447812,2.055153955,0,0,0,0,0,0,0.376494049
2013,FMWT,5,11/6/2013,405,32107,53.49430748,0,0,0.061243455,0,0,0,0,0
2013,FMWT,5,11/6/2013,411,19076,31.78301958,0.151427791,0,0.024458228,0,0.215431646,0,0,0.002837953
2013,FMWT,5,11/6/2013,501,33110,55.16543186,0.372676796,0,0.216632665,0,0.307143248,0,0.042459683,0.004905176
2013,FMWT,5,11/6/2013,504,30350,50.5669241,1.293876246,0,0.083619828,0,0.285860875,0,0.015338115,0.023188741
2013,FMWT,5,11/7/2013,416,22022,36.69142677,0.028411857,0,0.11446365,0,0.207609275,0,0.021093644,0
2013,FMWT,5,11/7/2013,418,22828,38.03432433,0.518618516,0,0.050765583,0.000450074,0.58168721,0,0.029053649,0
2013,FMWT,5,11/7/2013,602,26628,44.36560313,0.012004157,0,0.02043451,0,0.480693784,0,0,0
2013,FMWT,5,11/7/2013,606,27534,45.87511328,1.32016712,0,0,0.000951362,0.508095708,0,0,0.239873921
2013,FMWT,5,11/7/2013,802,36278,60.44371903,0.01642107,0,0,0,0.031513269,0,0,0.002984552
2013,FMWT,5,11/7/2013,804,29915,49.84215929,0.003872966,0,0,0,0,0,0,0
2013,FMWT,5,11/12/2013,508,29657,49.41229878,3.15685002,0,0.101771877,0,0.993572246,0,0,0.007301722
2013,FMWT,5,11/12/2013,513,25716,42.84609622,1.024027957,0,0.006579184,0,0.114067572,0,0,0.002105179
2013,FMWT,5,11/12/2013,519,26506,44.16233576,0.030151379,0,0.002921319,0,0.443921332,0,0,0
2013,FMWT,5,11/12/2013,608,22045,36.72974767,0.00885945,0,0,0,0.033077158,0,0,0.00245574
2013,FMWT,5,11/13/2013,704,22674,37.77774092,13.01209287,0,0,0,0.338285625,0,0,0.019100923
2013,FMWT,5,11/13/2013,706,26156,43.57919166,1.223994238,0,0,0,0,0,0,0
2013,FMWT,5,11/13/2013,707,26065,43.42757419,0.205617871,0,0,0,0,0,0,0
2013,FMWT,5,11/14/2013,906,27498,45.81513275,0.003412489,0,0,0,0,0,0,0
2013,FMWT,5,11/14/2013,910,28738,47.88112899,0.006415816,0,0,0,0,0,0,0.000357516
2013,FMWT,5,11/18/2013,812,22013,36.67643164,0.036940745,0,0,0,0,0,0,0.000124794
2013,FMWT,5,11/18/2013,815,24994,41.64315324,0,0,0,0,0,0,0,0.00041107
2013,FMWT,5,11/19/2013,719,29496,49.1440525,0.730317679,0,0,0,0,0,0,0.016518549
2013,FMWT,5,11/19/2013,795,26835,44.71049121,0.10635388,0,0,0,0,0,0,0.0122817
2013,FMWT,5,11/19/2013,796,22350,37.2379161,11.69804955,0,0,0,0,0,0,0
2013,FMWT,5,11/19/2013,797,24310,40.50352306,6.280911919,0,0,0,0,0.076856177,0,0.001690546
2013,FMWT,6,12/4/2013,405,19231,32.04126911,0,0,0.032471662,0,0.06257783,0,0,0
2013,FMWT,6,12/4/2013,411,23040,38.38754304,0.228927237,0,0.154259001,0,0.261283855,0,0.002273855,0
2013,FMWT,6,12/4/2013,504,40941,68.21286457,0.079581586,0,0.361141607,0,0.178609641,0,0.001322312,0.002644625
2013,FMWT,6,12/5/2013,416,31539,52.54794791,0.311842347,0,0.223206516,0,0.307913009,0,0.041993092,0
2013,FMWT,6,12/5/2013,418,28837,48.04607546,0.080663724,0,0.147827359,0,0.152244005,0,0.006794739,0.001877338
2013,FMWT,6,12/5/2013,602,29680,49.45061968,0.001196641,0,0.302761373,0,0.059161472,0,0,0
2013,FMWT,6,12/5/2013,606,30357,50.57858698,2.181637356,0,0.00891669,0,1.04493356,0,0,0.110566955
2013,FMWT,6,12/5/2013,802,30783,51.28835666,0.193457159,0,0,0,0.168692738,0,0,0.001758659
2013,FMWT,6,12/5/2013,804,31539,52.54794791,0.109394031,0,0,0,0.022317642,0,0,0.008525257
2013,FMWT,6,12/9/2013,513,29762,49.58724201,0.387189226,0,0,0,0.06531078,0,0,0
2013,FMWT,6,12/9/2013,519,35119,58.51267899,0.023042263,0,0.170556219,0,0.352548768,0,0,0.003083049
2013,FMWT,6,12/9/2013,608,33787,56.29339916,0.336147056,0,0.002899634,0,0.485663727,0,0,0.054884197
2013,FMWT,6,12/10/2013,704,37681,62.78129381,1.596319505,0,0,0,0.093852881,0,0,0.045974823
2013,FMWT,6,12/10/2013,706,29205,48.65920983,1.123737766,0,0,0,0,0,0,0.011122094
2013,FMWT,6,12/10/2013,707,27816,46.34496082,0.535004095,0,0,0,0,0,0,0.008495425
2013,FMWT,6,12/11/2013,809,32425,54.02413555,0.007101846,0,0,0,0,0,0,0
2013,FMWT,6,12/11/2013,910,30799,51.31501467,0.003046742,0,0,0,0,0,0,0
2013,FMWT,6,12/11/2013,912,33802,56.31839105,0.000350239,0,0,0,0,0,0,0
2013,FMWT,6,12/12/2013,812,30878,51.44663863,0,0,0,0,0,0.000332738,0,0
2013,FMWT,6,12/16/2013,719,35781,59.61565441,0.331001477,0,0,0,0,0,0,0.001513004
2013,FMWT,6,12/16/2013,795,31539,52.54794791,0.390552348,0,0,0,0,0,0,0.018690004
2013,FMWT,6,12/16/2013,796,33068,55.09545457,1.553172358,0,0,0,0,0,0,0.006548541
2013,FMWT,6,12/16/2013,797,32840,54.71557784,1.551712657,0,0,0,0,0,0,0.006594006
2014,FMWT,3,9/8/2014,405,31598,52.64624935,3.54849956,0,0,0,0.679512609,0,0.401668051,0.021557018
2014,FMWT,3,9/8/2014,411,31018,51.67989627,1.040076248,0,0,0,0.570075027,0,0.005661361,0.001838213
2014,FMWT,3,9/8/2014,501,33092,55.13544159,2.202580566,0,0,0,0.327461733,0,0.002825057,0.010333235
2014,FMWT,3,9/8/2014,504,27977,46.6132071,5.955590961,0,0,0,0.531818796,0,0,0.010320247
2014,FMWT,3,9/9/2014,416,29850,49.7338611,2.132321705,0,0.023580439,0,0.742254387,0,0.023653123,0.018778318
2014,FMWT,3,9/9/2014,418,29776,49.61056778,1.52348851,0,0,0,0.44507096,0,0.015940276,0.262606861
2014,FMWT,3,9/9/2014,606,29434,49.04075268,30.61707991,0,0,0,25.64953391,0,0,0
2014,FMWT,3,9/10/2014,508,27643,46.05672102,2.037477841,0,0,0,0.130768219,0,0,0.013012201
2014,FMWT,3,9/10/2014,519,25310,42.16964906,0.120207926,0,0,0,0.131246325,0,0,0
2014,FMWT,3,9/10/2014,602,29474,49.10739772,0.05155071,0,0,0,0.043535667,0,0,0
2014,FMWT,3,9/11/2014,513,24754,41.243283,2.90988877,0,0,0,0.194886626,0,0,0.005831978
2014,FMWT,3,9/11/2014,608,26244,43.72581074,0.465349764,0,0,0,0.277900181,0,0,0.004125651
2014,FMWT,3,9/11/2014,704,24747,41.23162012,3.643645501,0,0,0,0.50965205,0,0,0
2014,FMWT,3,9/11/2014,802,29890,49.80050614,0.092016923,0,0,0,0.057349394,0,0,0
2014,FMWT,3,9/15/2014,804,37021,61.68165065,0.250303136,0,0,0,0.010140673,0,0,0
2014,FMWT,3,9/15/2014,809,39169,65.26048929,0.002202494,0,0,0,0,0,0,0.001382134
2014,FMWT,3,9/15/2014,910,38821,64.68067745,0.411693253,0,0,0,0,0,0,0
2014,FMWT,3,9/15/2014,912,39352,65.56539035,0.007907593,0,0,0,0,0,0,0
2014,FMWT,3,9/16/2014,812,42521,70.84534365,0.000695899,0,0,0,0,0,0,0
2014,FMWT,3,9/16/2014,815,37657,62.74130678,0.003705481,0,0,0,0,0,0,0
2014,FMWT,3,9/16/2014,906,36051,60.06550843,0.001477569,0,0,0,0,0,0,0
2014,FMWT,3,9/17/2014,707,32065,53.42433019,0,0,0,0,0,0,0,0.000320421
2014,FMWT,3,9/17/2014,711,29121,48.51925525,0.001946333,0,0,0,0,0,0,0
2014,FMWT,3,9/17/2014,719,32970,54.93217422,22.12821787,0,0,0,0,0,0,0.035029366
2014,FMWT,3,9/17/2014,723,29130,48.53425038,0.60263412,0,0,0,0,0,0,0.004616148
2014,FMWT,3,9/17/2014,795,33209,55.33037833,3.099161798,0,0,0,0,0,0,0.035495384
2014,FMWT,3,9/17/2014,796,27199,45.31696107,10.04699366,0,0,0,0,0,0,0.021230895
2014,FMWT,3,9/17/2014,797,30825,51.35833395,14.85287819,0,0,0,0,0,0,0
2014,FMWT,4,10/6/2014,405,34695,57.80624157,1.840695791,0,0,0,1.259084968,0,0.190490813,0.030473008
2014,FMWT,4,10/6/2014,411,29096,48.4776021,0.084622527,0,0.000900289,0,0.102817547,0,0.030535835,0.01116376
2014,FMWT,4,10/6/2014,501,29958,49.91380271,0.942993568,0,0,0,0.182166667,0,0.03010675,0
2014,FMWT,4,10/6/2014,504,27755,46.24332713,0.097174222,0,0,0,0.047594922,0,0.002252275,0
2014,FMWT,4,10/7/2014,416,33291,55.46700067,0.204312774,0,0,0,0.458043787,0,0.298479673,0.009915913
2014,FMWT,4,10/7/2014,418,27031,45.03705191,0.015014734,0,0,0,0.032150458,0,0,0
2014,FMWT,4,10/7/2014,602,37367,62.25813024,0.000316824,0,0,0,0.016301943,0,0,0
2014,FMWT,4,10/7/2014,606,28762,47.92111601,0.220529436,0,0,0,0.399119274,0,0,0
2014,FMWT,4,10/7/2014,802,30986,51.62658024,0.279995654,0,0,0,0.008351451,0,0,0
2014,FMWT,4,10/7/2014,804,30076,50.11040558,0.046523551,0,0,0,0.012587176,0,0,0.000870954
2014,FMWT,4,10/8/2014,508,30189,50.29867781,0.063699734,0,0,0,0.026776148,0,0,0.006400784
2014,FMWT,4,10/8/2014,513,26888,44.79879589,1.757846763,0,0,0,0.085505617,0,0,0.000382114
2014,FMWT,4,10/8/2014,519,22997,38.31589962,0.008127391,0,0,0,0.028386723,0,0.000446767,0
2014,FMWT,4,10/8/2014,608,28095,46.80980997,0.78642184,0,0,0,1.286709064,0,0,0
2014,FMWT,4,10/9/2014,704,27295,45.47690917,1.285871978,0,0,0,0.102521296,0,0,0
2014,FMWT,4,10/9/2014,706,23678,39.45053143,2.146780392,0,0,0,0.028743929,0,0,0
2014,FMWT,4,10/9/2014,707,27932,46.53823143,4.725471519,0,0,0,0.001471329,0,0,0.007752655
2014,FMWT,4,10/9/2014,711,29043,48.38929742,0.003230954,0,0,0,0,0,0,0.000353761
2014,FMWT,4,10/9/2014,716,26028,43.36592753,0,0,0,0,0,0,0,0.004159889
2014,FMWT,4,10/9/2014,721,28368,47.26466237,0.000417328,0,0,0,0,0,0,0
2014,FMWT,4,10/13/2014,809,30383,50.62190626,0.004869549,0,0,0,0.000338159,0,0,0.001781812
2014,FMWT,4,10/14/2014,906,30896,51.4766289,0,0,0,0,0,0,0,0.000332544
2014,FMWT,4,10/14/2014,910,28729,47.86613385,0.073974416,0,0,0,0,0,0,0.006443343
2014,FMWT,4,10/14/2014,912,37655,62.73797453,0.053121408,0,0,0,0,0,0,0.000345808
2014,FMWT,4,10/15/2014,719,29552,49.23735555,25.29454095,0,0,0,0,0,0,0.029310661
2014,FMWT,4,10/15/2014,723,29813,49.67221444,0.01043505,0,0,0,0,0,0,0
2014,FMWT,4,10/15/2014,795,28875,48.10938825,1.677359909,0,0,0,0,0,0,0.028123008
2014,FMWT,4,10/15/2014,796,38353,63.90093048,0.975082173,0,0,0,0,0,0,0.045169278
2014,FMWT,4,10/15/2014,797,32919,54.84720179,2.468865405,0,0,0,0,0,0,0.960414535
2014,FMWT,4,10/20/2014,812,31730,52.86617798,0.005277175,0,0,0,0,0,0,0.000323804
2014,FMWT,5,11/5/2014,405,30424,50.69021742,0.348594669,0,0.064099569,0,0.106672412,0,0.071447061,0.003558821
2014,FMWT,5,11/5/2014,411,29081,48.45261021,0.223657563,0,0.034073952,0,0.04147682,0,0.18676171,0
2014,FMWT,5,11/5/2014,501,35832,59.70062683,0.016126821,0,0.00057347,0,0.039643177,0,0.010525554,0.003021701
2014,FMWT,5,11/5/2014,504,41348,68.89097785,0.031976599,0,0.003912338,0,0.068690867,0,0.003031049,0.140992794
2014,FMWT,5,11/6/2014,416,35590,59.29742434,0.53584391,0,0.003042247,0,0.657352647,0,0.06284286,0.179973444
2014,FMWT,5,11/6/2014,418,28344,47.22467534,0.368393298,0,0.003819982,0,0.153803994,0,0.021160623,0
2014,FMWT,5,11/6/2014,602,29611,49.33565699,0.068481782,0,0.005484799,0,0.255071857,0,0.000693951,0.000884631
2014,FMWT,5,11/6/2014,606,29267,48.76250964,0.586845757,0,0,0,1.020055481,0,0.000895029,0
2014,FMWT,5,11/6/2014,802,30589,50.96512821,0.210136834,0,0,0,0.045795606,0,0,0
2014,FMWT,5,11/6/2014,804,30217,50.34532934,0.059153983,0,0,0,0.022145197,0,0,0
2014,FMWT,5,11/10/2014,508,17794,29.64704604,0.550773742,0,0,0,0.148047568,0,0,0
2014,FMWT,5,11/10/2014,513,22350,37.2379161,0.497687818,0,0,0,0.062101931,0,0,0
2014,FMWT,5,11/10/2014,519,29032,48.37097003,0.0024467,0,0,0,0.007038589,0,0,0
2014,FMWT,5,11/10/2014,608,34388,57.29474089,0.003098432,0,0,0,0.013327027,0,0,0.002285228
2014,FMWT,5,11/12/2014,704,33767,56.26007664,0.377808926,0,0,0,0.0921028,0,0,0.004809737
2014,FMWT,5,11/12/2014,706,30589,50.96512821,1.862438255,0,0,0,0.030437801,0,0,0.006292666
2014,FMWT,5,11/12/2014,707,30032,50.03709603,1.147054285,0,0,0,0.012252981,0,0,0.036052738
2014,FMWT,5,11/12/2014,711,33197,55.31038482,0.008534885,0,0,0,0,0,0,0
2014,FMWT,5,11/13/2014,809,28789,47.96610141,0.020794122,0,0,0,0,0,0,0
2014,FMWT,5,11/13/2014,906,30197,50.31200682,0.002156062,0,0,0,0,0,0,0
2014,FMWT,5,11/13/2014,912,33185,55.29039131,0.216204065,0,0,0,0,0,0,0
2014,FMWT,5,11/18/2014,719,29764,49.59057426,9.630468093,0,0,0,0,0,0,0.06790441
2014,FMWT,5,11/18/2014,723,37405,62.32144303,0.002532018,0,0,0,0,0,0,0
2014,FMWT,5,11/18/2014,795,31604,52.6562461,0.645376891,0,0,0,0,0,0,0
2014,FMWT,5,11/18/2014,796,31218,52.01312147,0.507247892,0,0,0,0,0,0,0.069366124
2014,FMWT,5,11/18/2014,797,28766,47.92778052,3.288715537,0,0,0,0,0,0,0
2014,FMWT,6,12/3/2014,405,31447,52.39466432,0,0,0,0,0.091114189,0,0,0
2014,FMWT,6,12/3/2014,411,28208,46.99808221,0.007114544,0,0,0,0.003473126,0,0.003473126,0
2014,FMWT,6,12/3/2014,501,28076,46.77815358,0.062621375,0,0,0,0.032736149,0,0.009154825,0
2014,FMWT,6,12/3/2014,504,29004,48.3243185,0.102844755,0,0.001866528,0,0.112554769,0,0.003377808,0.017910446
2014,FMWT,6,12/4/2014,416,28140,46.88478564,0.402865798,0,0.141569409,0,0.753619926,0,0.091861074,0.007329194
2014,FMWT,6,12/4/2014,418,35692,59.46736919,1.037838457,0,0.041461159,0,2.695633279,0,0.173309527,0.001467825
2014,FMWT,6,12/4/2014,602,31143,51.88816202,0.004860678,0,0.051824371,0,0.405500478,0,0,0.001738329
2014,FMWT,6,12/4/2014,606,33233,55.37036536,0.213389238,0,0.002726383,0,0.299037307,0,0.001576433,0.000618319
2014,FMWT,6,12/4/2014,802,39748,66.22517625,0.087229742,0,0,0,0.080200858,0,0,0.052017299
2014,FMWT,6,12/4/2014,804,37814,63.00288856,0.695078517,0,0,0,0.026843256,0,0,0.02004324
2014,FMWT,6,12/8/2014,508,26102,43.48922085,0.035278005,0,0,0,0.024787935,0,0,0.002755347
2014,FMWT,6,12/8/2014,513,29929,49.86548505,0.146477604,0,0,0,0.022439767,0,0,0
2014,FMWT,6,12/8/2014,519,29032,48.37097003,0.004077833,0,0,0,0.005572036,0,0,9.46E-05
2014,FMWT,6,12/8/2014,608,29790,49.63389354,0.416742661,0,0,0,0.43922158,0,0,0.20794292
2014,FMWT,6,12/9/2014,704,32527,54.1940804,0.997713939,0,0,0,0,0,0,0.078225142
2014,FMWT,6,12/9/2014,706,34308,57.16145081,0.018944223,0,0,0,0,0,0,0.001577964
2014,FMWT,6,12/9/2014,707,32473,54.1041096,0.00835638,0,0,0,0,0,0,0
2014,FMWT,6,12/10/2014,809,33341,55.55030697,0.002942571,0,0,0,0,0,0,0
2014,FMWT,6,12/10/2014,912,26797,44.64717842,0.000441794,0,0,0,0,0,0,0
2014,FMWT,6,12/15/2014,812,34378,57.27807963,0.009102416,0,0,0,0,0,0,0
2014,FMWT,6,12/15/2014,815,32857,54.74390198,0.000360312,0,0,0,0,0,0,0
2014,FMWT,6,12/16/2014,721,28195,46.97642257,0.010177568,0,0,0,0,0,0,0
2014,FMWT,6,12/16/2014,795,36701,61.14849033,0.000806253,0,0,0,0,0,0,0
2014,FMWT,6,12/16/2014,797,30110,50.16705386,1.154658007,0,0,0,0,0,0,0.003595934
2014,FMWT,6,12/17/2014,723,32253,53.73756188,0.052681516,0,0,0,0,0,0,0
2015,FMWT,3,9/2/2015,405,21242,35.39184849,4.324262387,0.040307017,0,0,0.412964827,0,0.092822284,0
2015,FMWT,3,9/2/2015,411,22998,38.31756575,0.441260069,0,0,0,0.411401749,0,0,0.020499156
2015,FMWT,3,9/2/2015,501,16760,27.92427176,3.986452616,0,0,0,0.769138389,0,0,0
2015,FMWT,3,9/3/2015,416,40172,66.93161367,0.001473181,0,0,0,0.000255758,0,0,0
2015,FMWT,3,9/3/2015,418,28058,46.74816331,15.92087638,0,0,0,1.561506227,0,0,0.037420256
2015,FMWT,3,9/3/2015,504,34968,58.26109397,3.040413834,0,0,0,0.360755497,0,0,0
2015,FMWT,3,9/3/2015,602,27231,45.37027711,0.201275577,0,0,0,0.844094124,0,0,0.000961948
2015,FMWT,3,9/3/2015,606,30017,50.01210414,2.772895008,0,0,0,0.555187986,0,0,0
2015,FMWT,3,9/8/2015,508,27806,46.32829956,0.460962518,0,0,0,0.147602512,0,0,0.055865564
2015,FMWT,3,9/8/2015,519,22579,37.61945895,0.004607566,0,0,0,0.006873437,0,0,0.000243332
2015,FMWT,3,9/8/2015,802,36179,60.27877255,0.010891338,0,0,0,0.012690699,0,0,0
2015,FMWT,3,9/8/2015,804,36682,61.11683393,0.25674502,0,0,0,0.031762821,0,0,0.001680545
2015,FMWT,3,9/9/2015,513,36167,60.25877904,4.468507406,0,0,0,0.188921383,0,0,0.001420396
2015,FMWT,3,9/9/2015,608,37546,62.5563668,0.025794914,0,0,0,0.042097333,0,0,0.000971318
2015,FMWT,3,9/9/2015,704,21773,36.2765614,9.969745898,0,0,0,0.526169565,0,0,0.010792718
2015,FMWT,3,9/9/2015,706,23310,38.83739706,7.369594934,0,0,0,0.158159839,0,0,0.056252752
2015,FMWT,3,9/9/2015,707,29343,48.88913522,8.282069038,0,0,0,0.001400578,0,0,0
2015,FMWT,3,9/9/2015,711,39588,65.95859609,0.012645147,0,0,0,0,0,0,0
2015,FMWT,3,9/10/2015,719,30149,50.23203277,2.09662985,0,0,0,0,0,0,0.016127782
2015,FMWT,3,9/10/2015,723,36104,60.1538131,0.012443257,0,0,0,0,0,0,0
2015,FMWT,3,9/10/2015,795,26089,43.46756121,0.044293927,0,0,0,0,0,0,0.006225243
2015,FMWT,3,9/10/2015,796,27476,45.77847798,0.823519536,0,0,0,0,0,0,0.070931885
2015,FMWT,3,9/10/2015,797,28563,47.58955694,6.080773376,0,0,0,0,0,0,0.15242027
2015,FMWT,3,9/14/2015,809,25961,43.25429709,0.028432431,0,0,0,0.014616086,0,0,0
2015,FMWT,3,9/14/2015,906,26793,44.64051392,0.004859478,0,0,0,0,0,0,0.009268447
2015,FMWT,3,9/14/2015,910,17433,29.04557456,0.035071638,0,0,0,0,0,0,0.006010395
2015,FMWT,3,9/14/2015,912,27815,46.34329469,1.231609834,0,0,0,0,0,0,0.003892633
2015,FMWT,3,9/15/2015,812,28491,47.46959587,0.126780592,0,0,0,0.039205457,0,0,0.009737128
2015,FMWT,3,9/15/2015,815,30880,51.44997088,0.138970005,0,0,0,0,0,0,0.009433073
2015,FMWT,3,9/15/2015,919,28934,48.20768968,0.002045366,0,0,0,0,0,0,0
2015,FMWT,4,10/7/2015,405,26520,44.18566152,1.339916067,0,0,0,0.574932425,0,0.04308207,0.002041357
2015,FMWT,4,10/7/2015,411,32503,54.15409338,0.005774028,0,0,0,0.205126916,0,0,0
2015,FMWT,4,10/7/2015,501,31388,52.29636289,0.082094475,0,0,0,0.040826854,0,0.001664254,0
2015,FMWT,4,10/7/2015,504,32687,54.46066056,0.041158212,0,0,0,0.002997214,0,0,0.000314324
2015,FMWT,4,10/8/2015,416,32018,53.34602227,1.377673528,0,0,0,2.710426729,0,0.016530027,0.006763295
2015,FMWT,4,10/8/2015,418,25817,43.01437494,0.350930489,0,0,0,0.947405489,0,0,0.002096944
2015,FMWT,4,10/8/2015,602,28612,47.67119711,0.002068846,0,0,0,0.003424086,0,0,0
2015,FMWT,4,10/8/2015,606,32409,53.99747753,2.000710735,0,0,0,0.959587657,0,0,0
2015,FMWT,4,10/8/2015,802,28155,46.90977753,0.451685516,0,0,0,0.159496524,0,0,0
2015,FMWT,4,10/8/2015,804,31388,52.29636289,0.010805567,0,0,0,0.000414853,0,0,0.000327332
2015,FMWT,4,10/12/2015,508,29348,48.89746585,0.257619799,0,0,0,0.014931624,0,0,0
2015,FMWT,4,10/12/2015,513,32880,54.78222288,0.600405472,0,0,0,0.016704197,0,0,0.003292992
2015,FMWT,4,10/12/2015,519,41947,69.88898732,0.000282232,0,0,0,0,0,0,0
2015,FMWT,4,10/12/2015,608,34902,58.15112965,0.036174515,0,0,0,0.043612251,0,0,0
2015,FMWT,4,10/13/2015,704,35114,58.50434836,0.357957651,0,0,0,0.03892993,0,0,0.033172186
2015,FMWT,4,10/13/2015,706,27286,45.46191404,4.146241249,0,0,0,0.020409025,0,0,0
2015,FMWT,4,10/13/2015,707,30557,50.91181218,1.544767477,0,0,0,0,0,0,0
2015,FMWT,4,10/13/2015,711,19357,32.25120098,0.001528662,0,0,0,0,0,0,0
2015,FMWT,4,10/13/2015,716,40807,67.98960368,0.000725128,0,0,0,0,0,0,0
2015,FMWT,4,10/14/2015,809,36480,60.78027648,0.18290801,0,0,0,0.000718059,0,0,0
2015,FMWT,4,10/14/2015,906,37897,63.14117702,0.00227642,0,0,0,0,0,0,0
2015,FMWT,4,10/14/2015,910,29625,49.35898275,0.003795728,0,0,0,0,0,0,0
2015,FMWT,4,10/15/2015,812,31388,52.29636289,0.001885453,0,0,0,0,0,0,0
2015,FMWT,4,10/15/2015,815,33351,55.56696823,0.020181721,0,0,0,0,0,0,0
2015,FMWT,4,10/19/2015,719,30642,51.05343289,11.03034485,0,0,0,0,0,0,0.113072079
2015,FMWT,4,10/19/2015,795,33742,56.21842349,0.090984186,0,0,0,0,0,0,0.006417734
2015,FMWT,4,10/19/2015,796,32288,53.79587629,2.990310678,0,0,0,0,0,0,0.011224714
2015,FMWT,4,10/19/2015,797,31761,52.91782789,4.91430719,0,0,0,0,0,0,0.000172986
2015,FMWT,5,11/4/2015,405,28552,47.57122955,0.019019347,0,0,0,0.035960188,0,0.03550922,9.62E-05
2015,FMWT,5,11/4/2015,411,43815,73.00131069,0.009699848,0,0.016064729,0,0.002642532,0,0,0
2015,FMWT,5,11/4/2015,501,26375,43.94407325,0,0,0,0,0.030489249,0,0,0.000104155
2015,FMWT,5,11/5/2015,416,29437,49.04575106,4.098477883,0,0.019375449,0.000465369,0.612916735,0,0.021318649,0
2015,FMWT,5,11/5/2015,418,40164,66.91828466,0.163342629,0,0,0,0.070765637,0,0.001279043,0.023318175
2015,FMWT,5,11/5/2015,504,21744,36.22824374,0.639084708,0,0,0,0.354088198,0,0,0.004979469
2015,FMWT,5,11/5/2015,602,26455,44.07736333,0.017681859,0,0,0,0.058843692,0,0,0.0020678
2015,FMWT,5,11/5/2015,606,24092,40.14030759,7.45141074,0,0,0,3.718989018,0,0,0
2015,FMWT,5,11/10/2015,508,27160,45.25198216,0.213867661,0,0,0,0.030909978,0,0,0
2015,FMWT,5,11/10/2015,513,32799,54.64726667,0.308329292,0,0,0,0.026043883,0,0,0
2015,FMWT,5,11/10/2015,608,31703,52.82119258,0.001306787,0,0,0,0.028694056,0,0,0
2015,FMWT,5,11/10/2015,802,27480,45.78514248,0.019814553,0,0,0,0.059260601,0,0,0
2015,FMWT,5,11/10/2015,804,29155,48.57590353,0.561596745,0,0,0,0.161068029,0,0,0
2015,FMWT,5,11/12/2015,704,24653,41.07500428,2.083439391,0,0,0,0.096279708,0,0,0
2015,FMWT,5,11/12/2015,706,14044,23.39907354,1.572710823,0,0,0,0.038154923,0,0,0.036750563
2015,FMWT,5,11/12/2015,707,27917,46.51323954,1.605969475,0,0,0,0,0,0,0.001939205
2015,FMWT,5,11/12/2015,711,32313,53.83752944,0.001754067,0,0,0,0,0,0,0
2015,FMWT,5,11/16/2015,719,33787,56.29339916,0.001677544,0,0,0,0,0,0,0.001602296
2015,FMWT,5,11/16/2015,795,36101,60.14881473,0.002131392,0,0,0,0,0,0,0
2015,FMWT,5,11/16/2015,796,33807,56.32672168,0.527353835,0,0,0,0,0,0,0
2015,FMWT,5,11/16/2015,797,36211,60.33208859,0.592960427,0,0,0,0,0,0,0.020637779
2015,FMWT,6,12/2/2015,411,14864,24.76529686,0.307671979,0,0,0,0.064179193,0,0,0
2015,FMWT,6,12/2/2015,501,16059,26.75631743,0.226947904,0,0.005002279,0,0.76099367,0,0.021856044,0
2015,FMWT,6,12/2/2015,504,42306,70.48712656,0.101065749,0,0.050532386,0,0.617548579,0,0.002559296,0.000619175
2015,FMWT,6,12/3/2015,416,23895,39.81208077,0.314896926,0,0,0,0.167514766,0,0.103444043,0
2015,FMWT,6,12/3/2015,418,33363,55.58696174,3.234393267,0,0,0,1.232314567,0,0,0.002177633
2015,FMWT,6,12/3/2015,602,27388,45.63185889,0,0,0.042388988,0,0.068450341,0,0,0
2015,FMWT,6,12/3/2015,606,33842,56.38503609,0.024739587,0,0.000607192,0,0.039584207,0,0.008772495,0.015535517
2015,FMWT,6,12/4/2015,508,24857,41.41489398,0.21899603,0,0,0,0.203509095,0,0,0
2015,FMWT,6,12/4/2015,513,28388,47.29798489,0.471857751,0,0,0,0.164039672,0,0,0.009904206
2015,FMWT,6,12/4/2015,519,33109,55.16376573,0,0,0.000310317,0,0.097147131,0,0,0
2015,FMWT,6,12/4/2015,608,30654,51.0734264,0.050814563,0,0,0,0.216901718,0,0,0
2015,FMWT,6,12/4/2015,802,28583,47.62287946,0.00144943,0,0,0,0,0,0,0
2015,FMWT,6,12/4/2015,804,29040,48.38429904,0.014033432,0,0,0,0.004984252,0,0,0
2015,FMWT,6,12/7/2015,704,30326,50.52693708,7.26106794,0,0,0,0.958274326,0,0,0
2015,FMWT,6,12/7/2015,706,31232,52.03644723,9.905924007,0,0,0,0.394632197,0,0,0.025444046
2015,FMWT,6,12/7/2015,707,22503,37.49283338,3.215043652,0,0,0,0.422436992,0,0,0.009623035
2015,FMWT,6,12/7/2015,711,37016,61.67332002,0.005847997,0,0,0,0,0,0,0.000707662
2015,FMWT,6,12/10/2015,719,27938,46.54822819,0.018429774,0,0,0,0,0,0,0.004313029
2015,FMWT,6,12/10/2015,795,23931,39.87206131,0.01144719,0,0,0,0,0,0,0.001094597
2015,FMWT,6,12/10/2015,796,23823,39.6921197,0.618336677,0,0,0,0,0.039213652,0,0.001099559
2015,FMWT,6,12/10/2015,797,25768,42.93273477,3.363903432,0,0,0,0,0,0,0.001196169
2016,FMWT,3,9/8/2016,405,36957,61.57501858,0.014988425,0.000278007,0,0,0.049363725,0,0.003485731,0.001464859
2016,FMWT,3,9/8/2016,411,42083,70.11558046,0.030031466,0,0,0,0.024868026,0,0,0.000866599
2016,FMWT,3,9/8/2016,501,35756,59.57400126,0.021045964,0,0,0,0.002739958,0,0,0.000287345
2016,FMWT,3,9/8/2016,504,38044,63.38609754,0.145039677,0,0,0,0.00081019,0,0,0
2016,FMWT,3,9/12/2016,416,38614,64.33578936,3.739848616,0,0,0,0.89252979,0,0,0
2016,FMWT,3,9/12/2016,418,35476,59.10748598,0.500962186,0,0,0,0.351833451,0,0,0.006471629
2016,FMWT,3,9/12/2016,602,40175,66.93661205,0.000736535,0,0,0,0.01799263,0,0,0.001347524
2016,FMWT,3,9/12/2016,606,37554,62.5696958,1.204848566,0,0,0,0.065317542,0,0,0.00720786
2016,FMWT,3,9/12/2016,802,39833,66.36679696,0.004457486,0,0,0,0.014408528,6.90E-05,0,0
2016,FMWT,3,9/12/2016,804,34822,58.01783957,0.262068799,0,0,0,0.092412074,0,0,0.021765409
2016,FMWT,3,9/13/2016,508,45427,75.6871058,0,0,0,0,0.000452343,0.000226172,0,0
2016,FMWT,3,9/13/2016,513,46398,77.30491415,1.576115883,0,0,0,0.301746459,0.001889921,0,0
2016,FMWT,3,9/13/2016,519,41270,68.76102002,0.00229489,0,0,0,0.120296595,0,0,0.006558855
2016,FMWT,3,9/13/2016,608,35029,58.36272765,0.159195391,0,0,0,0.294845514,0.000879925,0,0.028926847
2016,FMWT,3,9/14/2016,704,40019,66.67669639,0.437424998,0,0,0,0.86657907,0.47378712,0,0
2016,FMWT,3,9/14/2016,706,38753,64.56738088,0.34051356,0,0,0,0.012539547,10.43399541,0,0.00139697
2016,FMWT,3,9/14/2016,707,34546,57.5579888,0,0,0,0,0,0.165618619,0,0
2016,FMWT,3,9/14/2016,721,39404,65.6520289,0,0,0,0,0,0.000260742,0,0
2016,FMWT,3,9/15/2016,719,43495,72.46815037,4.11843943,0,0,0,0,0,0,0
2016,FMWT,3,9/15/2016,723,44178,73.60611443,0,0,0,0,0,0.000527314,0,0
2016,FMWT,3,9/15/2016,796,42008,69.99062101,0.116940938,0,0,0,0,0,0,0
2016,FMWT,3,9/15/2016,797,41975,69.93563885,3.335886617,0,0,0,0,0,0,0.005919888
2016,FMWT,3,9/19/2016,809,42369,70.59209249,0.001955631,0,0,0,0.002312302,0.000242496,0,0
2016,FMWT,3,9/19/2016,906,31359,52.24804523,0,0,0,0,0,0.000327635,0,0
2016,FMWT,3,9/19/2016,912,31038,51.71321879,0.015173976,0,0,0,0,0,0,0
2016,FMWT,3,9/20/2016,815,28969,48.26600409,0,0,0,0,0,0.022035228,0,0
2016,FMWT,4,10/5/2016,405,29042,48.38763129,0,0,0,0,0.001061321,0,0,0
2016,FMWT,4,10/5/2016,411,29841,49.71886597,0.02670436,0,0,0,0.01179987,0,0,0
2016,FMWT,4,10/5/2016,501,25833,43.04103296,1.829233693,0,0,0,2.05101387,0,0,0
2016,FMWT,4,10/5/2016,504,20914,34.84535916,1.467749473,0,0,0,1.29961853,0,0,0
2016,FMWT,4,10/6/2016,416,28787,47.96276916,0.008940363,0,0,0,0,0,0,0
2016,FMWT,4,10/6/2016,418,27495,45.81013437,0.337750408,0,0,0,0.557843741,0,0,0
2016,FMWT,4,10/6/2016,602,28871,48.10272375,0.007206833,0,0,0,0.004300674,0,0,0
2016,FMWT,4,10/6/2016,606,31539,52.54794791,0.392145224,0,0,0,0.086691877,0.008896983,0,0.001716503
2016,FMWT,4,10/10/2016,508,21264,35.42850326,18.46149645,0,0,0,5.886228162,0,0,0
2016,FMWT,4,10/10/2016,513,31263,52.08809714,1.775158357,0,0,0,0.468825476,0,0,0
2016,FMWT,4,10/10/2016,519,24624,41.02668662,0.014321326,0,0,0,0.016844697,0,0,0
2016,FMWT,4,10/10/2016,608,27958,46.58155071,0.024999359,0,0,0,0.058565142,0,0,0
2016,FMWT,4,10/10/2016,802,28165,46.92643879,0.000840672,0,0,0,0.00384426,0,0,0
2016,FMWT,4,10/10/2016,804,35879,59.77893475,0.005278681,0,0,0,0.002969046,0.000802416,0,0
2016,FMWT,4,10/11/2016,704,25641,42.72113677,1.983075918,0,0,0,0.790636225,0,0,0.004222674
2016,FMWT,4,10/11/2016,706,28787,47.96276916,2.226386139,0,0,0,0.28323176,0,0,0
2016,FMWT,4,10/11/2016,707,22077,36.7830637,7.42044129,0,0,0,0.204247169,3.51731073,0,0
2016,FMWT,4,10/11/2016,711,31241,52.05144237,0,0,0,0,0,0.001167347,0,0
2016,FMWT,4,10/12/2016,809,30217,50.34532934,0,0,0,0,0,9.09E-05,0,0
2016,FMWT,4,10/12/2016,906,31189,51.96480381,0,0,0,0,0,0.003053447,0,0
2016,FMWT,4,10/12/2016,910,28645,47.72617927,0.001033001,0,0,0,0,0,0,0
2016,FMWT,4,10/12/2016,912,28360,47.25133336,0.000417446,0,0,0,0,0,0,0
2016,FMWT,4,10/13/2016,812,32720,54.51564272,0,0,0,0,0.003255697,0,0,0.001654547
2016,FMWT,4,10/13/2016,815,28787,47.96276916,0,0,0,0,0,0.073391471,0,0
2016,FMWT,4,10/17/2016,719,28787,47.96276916,1.560891643,0,0,0,0,0.013180746,0,0.015044789
2016,FMWT,4,10/17/2016,723,30205,50.32533583,0.013599264,0,0,0,0,0.001207386,0,0.001792312
2016,FMWT,4,10/17/2016,795,32764,54.58895226,0.002168007,0,0,0,0,0,0,0
2016,FMWT,4,10/17/2016,796,31848,53.06278085,1.969128506,0,0,0,0,0.005488217,0,0.027197584
2016,FMWT,4,10/17/2016,797,31515,52.50796089,34.4468511,0,0,0,0,0,0,0
2016,FMWT,5,11/2/2016,405,20148,33.56910665,0,0,0,0,0.043574669,0,0,0
2016,FMWT,5,11/2/2016,411,31179,51.94814255,0.011365508,0,0.000329526,0,0.013812976,0,0,0
2016,FMWT,5,11/2/2016,501,28515,47.50958289,7.49829435,0,0,0,5.333031244,0,0,0
2016,FMWT,5,11/2/2016,504,34921,58.18278605,0.470260297,0,0.002805474,0,0.275358488,0,0,0
2016,FMWT,5,11/3/2016,416,27766,46.26165452,0.011491086,0,0,0,0.008677907,0,0,0
2016,FMWT,5,11/3/2016,418,23369,38.93569849,0.015342885,0,0,0,0.04789497,0,0,0.002316607
2016,FMWT,5,11/3/2016,602,30155,50.24202953,0.001177791,0,0,0,0.001795284,0,0,0
2016,FMWT,5,11/3/2016,606,32729,54.53063785,0.680623297,0,0,0,1.766746825,0,0,0
2016,FMWT,5,11/3/2016,802,31850,53.0661131,0.071304524,0,0,0,0.045859855,0,0,0
2016,FMWT,5,11/3/2016,804,30056,50.07708306,0.123666934,0,0,0,0.00659557,0,0,0
2016,FMWT,5,11/4/2016,508,22344,37.22791934,0.151172616,0,0,0,0.09214486,0,0,0
2016,FMWT,5,11/4/2016,513,26304,43.8257783,0.084025876,0,0,0,0.055271083,0,0,0
2016,FMWT,5,11/4/2016,519,28470,47.43460722,0.00831666,0,0,0,0.026853287,0,0,0
2016,FMWT,5,11/4/2016,608,30088,50.13039909,0.006779341,0,0,0,0.035678565,0,0,0
2016,FMWT,5,11/7/2016,704,32596,54.3090431,0.997414825,0,0,0,0.41735643,0,0,0
2016,FMWT,5,11/7/2016,706,33244,55.38869274,2.18582702,0,0,0,0.073577302,0.015528164,0,0.039083233
2016,FMWT,5,11/7/2016,707,28161,46.91977429,0.004445762,0,0,0,0,0,0,0
2016,FMWT,5,11/7/2016,711,26205,43.66083183,0,0,0,0,0,0.001281052,0,0
2016,FMWT,5,11/7/2016,716,28007,46.66319088,0,0,0,0,0,9.81E-05,0,0
2016,FMWT,5,11/8/2016,809,30010,50.00044126,0.001775003,0,0,0,0.008323195,0.001369449,0,0.001803958
2016,FMWT,5,11/8/2016,910,29750,49.5672485,0.00377978,0,0,0,0,0,0,0
2016,FMWT,5,11/14/2016,719,21003,34.99364438,24.19287506,0,0,0,0,0,0,0
2016,FMWT,5,11/14/2016,723,37608,62.65966661,0,0,0,0,0,0.000273194,0,0
2016,FMWT,5,11/14/2016,795,31018,51.67989627,0.00476986,0,0,0,0,0,0,0
2016,FMWT,5,11/14/2016,796,31627,52.694567,0.550286293,0,0,0,0,0.076677339,0,0.001711727
2016,FMWT,5,11/14/2016,797,19549,32.57109717,14.94270277,0,0,0,0,0.144022937,0,0
2016,FMWT,6,11/30/2016,405,18374,30.61339912,0.354690412,0.140270661,0.005331988,0,0.207653137,0,0.070194491,0
2016,FMWT,6,12/1/2016,411,31833,53.03778896,0.519337917,0,0,0,0.250446901,0,0,0.00170065
2016,FMWT,6,12/1/2016,416,19826,33.03261408,21.59844596,0,0,0,4.466843841,0,0,0
2016,FMWT,6,12/1/2016,418,25500,42.486213,2.047507975,0,0.001027247,0,0.817731229,0,0,0
2016,FMWT,6,12/1/2016,501,24298,40.48352955,1.689643648,0,0,0,0.275610679,0,0,0
2016,FMWT,6,12/1/2016,504,33639,56.04681251,0.016488947,0,0,0,0.214027876,0,0,0
2016,FMWT,6,12/2/2016,602,35419,59.01251679,0.011126158,0,0.000739569,0,0.027464512,0,0,0
2016,FMWT,6,12/2/2016,606,20021,33.35750865,38.86203465,0,0,0,2.716479449,0,0,0
2016,FMWT,6,12/2/2016,802,32739,54.54729911,0.040976381,0,0,0.002453697,0.016133054,0.000941473,0,0
2016,FMWT,6,12/2/2016,804,25086,41.79643684,0.005562358,0,0,0,0.009956911,0.003202248,0,0
2016,FMWT,6,12/5/2016,508,25821,43.02103945,2.528210314,0,0,0,0.160046757,0,0,0
2016,FMWT,6,12/5/2016,513,26690,44.46890294,2.491530321,0,0,0,0.376562411,0,0,0.047876538
2016,FMWT,6,12/5/2016,519,23962,39.92371121,0.007163103,0,0,0,0.031011591,0,0,0.002259277
2016,FMWT,6,12/5/2016,608,32508,54.16242401,0.072553451,0,0,0,0.013229392,0,0,0.01489473
2016,FMWT,6,12/6/2016,704,30307,50.49528068,3.646333757,0,0,0,0.012090036,0,0,0
2016,FMWT,6,12/6/2016,706,23527,39.1989464,1.250775171,0,0,0,0,0,0,0.011505247
2016,FMWT,6,12/6/2016,707,26036,43.37925654,0.019020231,0,0,0,0,0.000789237,0,0
2016,FMWT,6,12/6/2016,711,26805,44.66050743,0.036542805,0,0,0,0,0,0,0
2016,FMWT,6,12/7/2016,809,28378,47.28132363,0.00208544,0,0,0,0,0.004212693,0,0.001907703
2016,FMWT,6,12/8/2016,812,22408,37.33455141,0,0,0,0,0,0.001168993,0,0
2016,FMWT,6,12/9/2016,719,17443,29.06223582,1.055735143,0,0,0,0,0,0,0.00620728
2016,FMWT,6,12/9/2016,723,26622,44.35560637,0.033245691,0,0,0,0,0.000385932,0,0
2016,FMWT,6,12/13/2016,796,29767,49.59557264,0.607121882,0,0,0,0,0.040718356,0,0.042448263
2016,FMWT,6,12/13/2016,797,28400,47.3179784,1.838276326,0,0,0,0,0.032893903,0,0.002521749
2017,FMWT,3,9/7/2017,405,34604,57.6546241,0.898231937,0,0,0,0.388547138,0,7.94E-05,0.067780735
2017,FMWT,3,9/7/2017,411,31894,53.13942264,0.227681211,0,0,0,0.039880811,0,0,0
2017,FMWT,3,9/7/2017,501,29121,48.51925525,1.91241295,0,0,0,0.303283019,0,0,0.005996773
2017,FMWT,3,9/7/2017,504,33970,56.59830022,4.520453261,0,0,0,0.281156923,0,0,0.001593665
2017,FMWT,3,9/11/2017,418,28004,46.6581925,7.334928577,0,0,0,0.153095528,0,0,0
2017,FMWT,3,9/11/2017,602,35485,59.12248111,0.210172949,0,0,0,0.164518276,0,0,0.001481235
2017,FMWT,3,9/11/2017,606,27968,46.59821197,7.514694425,0,0,0,1.301602953,0,0,0.004152915
2017,FMWT,3,9/11/2017,802,29148,48.56424065,0.001827495,0,0,0,0,0,0,0
2017,FMWT,3,9/11/2017,804,28997,48.31265562,0.00583259,0,0,0,0,0,0,0.001806725
2017,FMWT,3,9/12/2017,508,28145,46.89311627,1.89915751,0,0,0,0.146637506,0,0,0.007062354
2017,FMWT,3,9/12/2017,513,38910,64.82896266,1.314441567,0,0,0,0.002064549,0,0,0.543346691
2017,FMWT,3,9/12/2017,519,33470,55.76523722,0.05117936,0,0,0,0.103639642,0,0,0.00061394
2017,FMWT,3,9/12/2017,608,32244,53.72256674,0.694291631,0,0,0,0.045551113,0,0,0.019585219
2017,FMWT,3,9/13/2017,704,19154,31.9129774,0.283916171,0,0,0,0,0.008445617,0,0.002826396
2017,FMWT,3,9/13/2017,706,23915,39.84540329,0,0,0,0,0,0.001524947,0,0
2017,FMWT,3,9/13/2017,707,21120,35.18858112,0,0,0,0,0,0.002480569,0,0
2017,FMWT,3,9/14/2017,719,25341,42.22129897,53.45640677,0,0,0,0,0,0,0.002136332
2017,FMWT,3,9/14/2017,723,31228,52.02978273,0.000947557,0,0,0,0,0,0,0
2017,FMWT,3,9/14/2017,795,32882,54.78555513,0.002970011,0,0,0,0,0,0,0.009839264
2017,FMWT,3,9/14/2017,796,35237,58.70928186,0.318218197,0,0,0,0,0,0,0.003072724
2017,FMWT,3,9/14/2017,797,34684,57.78791418,7.695766184,0,0,0,0,0,0,0.012486862
2017,FMWT,3,9/18/2017,910,28914,48.17436716,0,0,0,0,0,0.005594776,0,0.001872338
2017,FMWT,4,10/4/2017,405,21342,35.55846109,6.12292054,0,0,0,0.439034742,0,0,0.005073263
2017,FMWT,4,10/4/2017,411,29208,48.66420821,0.3520318,0,0,0,0.588787943,0,0,0.006457312
2017,FMWT,4,10/4/2017,504,32733,54.53730236,2.994519874,0,0,0,0.091236835,0,0,0.020970157
2017,FMWT,4,10/5/2017,416,26591,44.30395647,0.054293551,0,0,0,0.023503907,0,0,0
2017,FMWT,4,10/5/2017,418,35792,59.63398179,0.027172066,0,0,0,0.060673614,0,0,0
2017,FMWT,4,10/5/2017,602,35554,59.2374438,0.029301484,0,0,0,0.022822639,0,0,7.73E-05
2017,FMWT,4,10/5/2017,606,27626,46.02839688,1.941015305,0,0,0,0.265813688,0,0,0
2017,FMWT,4,10/5/2017,802,28920,48.18436392,0.007312123,0,0,0,0,0,0,0
2017,FMWT,4,10/5/2017,804,28574,47.60788432,0.279928442,0,0,0,0,0,0,0
2017,FMWT,4,10/9/2017,508,22838,38.05098559,1.736680705,0,0,0,0.021233526,0,0,0
2017,FMWT,4,10/9/2017,513,27415,45.67684429,0.293161138,0,0,0,0.003573589,0,0,0.019743575
2017,FMWT,4,10/9/2017,519,34191,56.96651407,1.213162081,0,0,0,0.01396327,0,0,8.03E-05
2017,FMWT,4,10/9/2017,608,29999,49.98211387,2.222818969,0,0,0,0.015582518,0,0,0.007218479
2017,FMWT,4,10/10/2017,704,31125,51.85817175,0.061389403,0,0,0,0,0,0,0
2017,FMWT,4,10/11/2017,809,29686,49.46061644,0.00190929,0,0,0,0,0,0,0
2017,FMWT,4,10/17/2017,719,33195,55.30705257,0.123014607,0,0,0,0,0,0,0.026758387
2017,FMWT,4,10/17/2017,795,34348,57.22809585,0.001034014,0,0,0,0,0,0,0
2017,FMWT,4,10/17/2017,796,30743,51.22171162,0.02783459,0,0,0,0,0,0,0.003521894
2017,FMWT,4,10/17/2017,797,31111,51.83484599,0.408830898,0,0,0,0,0,0,0.003480235
2017,FMWT,5,11/1/2017,411,41206,68.65438796,0.003029682,0,0.012588357,0,0,0,0,0.00553706
2017,FMWT,5,11/1/2017,501,33811,56.33338619,0.289135488,0,0,0,0,0,0,0.046007465
2017,FMWT,5,11/1/2017,504,42124,70.18389162,0.411923003,0,0.000865756,0,0.005789471,0,0,0.004746275
2017,FMWT,5,11/2/2017,416,36132,60.20046463,0.009843464,0,0.002507636,0,0.000568709,0,0,0.002996612
2017,FMWT,5,11/2/2017,418,30871,51.43497575,0.097677516,0,0,0,0.053000324,0,0,0
2017,FMWT,5,11/2/2017,602,30803,51.32167918,0.00192169,0,0.006695566,0,0.004275657,0,0,0
2017,FMWT,5,11/2/2017,606,33476,55.77523398,1.027893283,0,0,0,0.036823372,0,0,0.009703093
2017,FMWT,5,11/2/2017,802,32326,53.85918908,0.031311581,0,0,0,0,0,0,0.002271725
2017,FMWT,5,11/6/2017,508,32902,54.81887765,0.00269804,0,0,0,0.000936809,0,0,0
2017,FMWT,5,11/6/2017,513,32915,54.84053729,0.913270233,0,0,0,0.046054369,0,0,0.009868472
2017,FMWT,5,11/6/2017,608,32151,53.56761703,0.226368481,0,0,0,0.101448424,0,0,0.019072615
2017,FMWT,5,11/6/2017,804,32944,54.88885494,0.0017964,0,0,0,0,0,0,0
2017,FMWT,5,11/7/2017,704,20684,34.46215018,0.026569665,0,0,0,0,0,0,0
2017,FMWT,5,11/7/2017,706,28173,46.9397678,0.102427963,0,0,0,0,0,0,0
2017,FMWT,5,11/7/2017,711,32023,53.3543529,0,0,0,0,0,0,0,0.000818
2017,FMWT,5,11/8/2017,809,30539,50.88182191,0.000968935,0,0,0,0,0,0,0
2017,FMWT,5,11/13/2017,719,16088,26.80463509,3.566591494,0,0,0,0,0,0,0
2017,FMWT,5,11/13/2017,795,30169,50.26535529,0.106485521,0,0,0,0,0,0,0.00944108
2017,FMWT,5,11/13/2017,796,29511,49.16904439,2.281307922,0,0,0,0,0,0,0
2017,FMWT,5,11/13/2017,797,28280,47.11804328,4.795788382,0,0,0,0,0,0,0.049772156
2017,FMWT,6,12/4/2017,405,18788,31.30317529,0.055864012,0,0.164385143,0,0.131975769,0,0.002881456,0.008610142
2017,FMWT,6,12/5/2017,411,27677,46.1133693,0.058376889,0,0.006546318,0,0,0,0,0
2017,FMWT,6,12/5/2017,501,10857,18.08912998,0.352348672,0,0.002412711,0,0.136486621,0,0,0
2017,FMWT,6,12/5/2017,504,38558,64.24248631,0.010043692,0,0.000679361,0,0,0,0,0
2017,FMWT,6,12/5/2017,602,33413,55.67026804,0.265174085,0,0.010655981,0,0.063920467,0,0,0
2017,FMWT,6,12/6/2017,416,24032,40.04034003,0.199435547,0,0,0,0.09291689,0,0,0.004505392
2017,FMWT,6,12/6/2017,418,24058,40.08365931,0.279101118,0,0.008999826,0,0.194425384,0,0,0
2017,FMWT,6,12/6/2017,519,25469,42.43456309,0.017831146,0,0,0,0.026851889,0,0,0.00010786
2017,FMWT,6,12/6/2017,606,25092,41.80643359,10.05259845,0,0,0,2.881138456,0,0,0.008630128
2017,FMWT,6,12/6/2017,802,24433,40.70845656,0.150129014,0,0,0,0.006620855,0,0,0
2017,FMWT,6,12/6/2017,804,30329,50.53193545,0.120740402,0,0,0,0,0,0,0
2017,FMWT,6,12/7/2017,508,25778,42.94939603,0.09803806,0,0,0,0.039039069,0,0,0
2017,FMWT,6,12/7/2017,513,25448,42.39957445,1.057705365,0,0,0,0.024213761,0,0,0.015261991
2017,FMWT,6,12/7/2017,608,23982,39.95703373,0.150422038,0,0,0,1.457038436,0,0,0.020830546
2017,FMWT,6,12/7/2017,704,23843,39.72544222,0.095887587,0,0,0,0.010475992,0,0,0
2017,FMWT,6,12/7/2017,711,24946,41.5631792,0.008044859,0,0,0,0,0,0,0
2017,FMWT,6,12/12/2017,719,25476,42.44622598,2.276900762,0,0,0,0,0,0,0
2017,FMWT,6,12/12/2017,795,28929,48.19935905,1.334891126,0,0,0,0,0,0,0
2017,FMWT,6,12/12/2017,796,37251,62.06485963,3.042305418,0,0,0,0,0,0,0.085466127
2017,FMWT,6,12/12/2017,797,29267,48.76250964,3.129269156,0,0,0,0,0,0,0.012948288
2018,FMWT,3,9/6/2018,405,24245,40.39522487,1.773382091,0,0,0,0.192222283,0,0.035476868,0
2018,FMWT,3,9/6/2018,411,30227,50.3619906,0.837436838,0,0,0,0.165843218,0,0,0.003367489
2018,FMWT,3,9/6/2018,501,29348,48.89746585,0.096523094,0,0,0,0.086040325,0,0,0.027560199
2018,FMWT,3,9/6/2018,504,31069,51.76486869,13.29438991,0,0,0,1.79318063,0,0,0
2018,FMWT,3,9/7/2018,416,29008,48.33098301,3.790481439,0,0,0,1.96603031,0,0,0
2018,FMWT,3,9/7/2018,418,23259,38.75242463,3.120186958,0,0,0,1.075499946,0,0,0
2018,FMWT,3,9/7/2018,602,24893,41.47487452,0.492558002,0,0,0,0.388248404,0,0,0
2018,FMWT,3,9/7/2018,606,32004,53.3226965,3.563545577,0,0,0,0.329526277,0,0,0
2018,FMWT,3,9/7/2018,802,25481,42.45455661,1.330150702,0,0,0,0.111020543,0,0,0
2018,FMWT,3,9/10/2018,508,26308,43.83244281,4.728817282,0,0,0,0.050608174,0,0,0
2018,FMWT,3,9/10/2018,513,26832,44.70549283,0.041863392,0,0,0,0.017462884,0,0,0
2018,FMWT,3,9/10/2018,519,28094,46.80814384,0.044229773,0,0,0,0.113334086,0,0,0
2018,FMWT,3,9/10/2018,608,28423,47.3562993,0.01660781,0,0,0,0.046269956,0,0,0
2018,FMWT,3,9/11/2018,704,27269,45.43358989,4.774108654,0,0,0,0.056253368,0,0,0
2018,FMWT,3,9/11/2018,706,23632,39.37388963,6.759174784,0,0,0,0,0,0,0
2018,FMWT,3,9/11/2018,707,23176,38.61413618,0.18245733,0,0,0,0,0,0,0
2018,FMWT,3,9/11/2018,711,26706,44.49556096,0.00351369,0,0,0,0,0,0,0
2018,FMWT,3,9/12/2018,719,39189,65.29381181,0.034011595,0,0,0,0,0,0,2.75E-05
2018,FMWT,3,9/12/2018,723,40546,67.5547448,0,0,0,0,0,0,0,0.001335194
2018,FMWT,3,9/12/2018,795,39456,65.73866746,0.0006001,0,0,0,0,0,0,0
2018,FMWT,3,9/12/2018,796,38506,64.15584776,0.748217639,0,0,0,0,0,0,0
2018,FMWT,3,9/12/2018,797,38532,64.19916703,2.274511827,0,0,0,0,0,0,0
2018,FMWT,3,9/13/2018,809,41732,69.53077023,0.004641883,0,0,0,0,0,0,6.58E-05
2018,FMWT,3,9/13/2018,906,36998,61.64332975,0.008614298,0,0,0,0,0,0,0
2018,FMWT,3,9/13/2018,910,37959,63.24447683,0.01634942,0,0,0,0,0,0,0
2018,FMWT,3,9/13/2018,912,35764,59.58733026,0.026241594,0,0,0,0,0,0,0
2018,FMWT,3,9/14/2018,812,35475,59.10581985,0.000333721,0,0,0,0,0,0,0
2018,FMWT,3,9/14/2018,815,38130,63.52938438,0.000931453,0,0,0,0,0,0,0
2018,FMWT,3.5,9/24/2018,513,27305,45.49357043,1.131012048,0,0,0,0.079553813,0,0,0
2018,FMWT,3.5,9/24/2018,704,27305,45.49357043,0.052934778,0,0,0,0.002866628,0,0,0
2018,FMWT,3.5,9/24/2018,802,27305,45.49357043,0.400754363,0,0,0,0.031067536,0,0,0
2018,FMWT,3.5,9/25/2018,416,27305,45.49357043,0.006535981,0,0,0,0.000402432,0,0,0
2018,FMWT,3.5,9/25/2018,508,27305,45.49357043,3.822477698,0,0,0,0.309205286,0,0,0.004970474
2018,FMWT,3.5,9/25/2018,519,27305,45.49357043,0.167821943,0,0,0,0.049539851,0,0,0
2018,FMWT,4,10/3/2018,405,26867,44.76380724,2.388190606,0,0,0,0.348958592,0,0.092227285,0.00286049
2018,FMWT,4,10/3/2018,411,27420,45.68517492,1.51689084,0,0,0,0.520955632,0,0.000374701,0
2018,FMWT,4,10/3/2018,501,25955,43.24430033,0.09172042,0,0,0,0.032354189,0,0,0
2018,FMWT,4,10/3/2018,504,25581,42.62116921,0.198656329,0,0,0,0.016725414,0,0,0
2018,FMWT,4,10/4/2018,416,42004,69.9839565,1.300228874,0,0,0,0.604533158,0,0.039956911,0
2018,FMWT,4,10/4/2018,418,34560,57.58131456,0.235358733,0,0,0,0.144477149,0,0,0
2018,FMWT,4,10/4/2018,606,30512,50.83683651,1.453482234,0,0,0,1.225491691,0,0,0
2018,FMWT,4,10/4/2018,802,27906,46.49491216,0.012365725,0,0,0,0.017351031,0,0,0.001376994
2018,FMWT,4,10/4/2018,804,35975,59.93888285,0.025221838,0,0,0,0,0,0,0.00640885
2018,FMWT,4,10/5/2018,508,40749,67.89296837,0.00145232,0,0,0,0.000252136,0,0,0
2018,FMWT,4,10/5/2018,513,38446,64.0558802,0.005938757,0,0,0,0.077804188,0,0,0
2018,FMWT,4,10/5/2018,519,29195,48.64254857,0.01051115,0,0,0,0.053907695,0,0,0
2018,FMWT,4,10/5/2018,608,36617,61.00853574,0.01475811,0,0,0,0.015259821,0,0,0
2018,FMWT,4,10/8/2018,704,28795,47.97609817,0.697940564,0,0,0,0.0018194,0,0,0
2018,FMWT,4,10/8/2018,711,37819,63.01121919,0,0,0,0,0,0.00027167,0,0
2018,FMWT,4,10/9/2018,719,27099,45.15034847,6.00137421,0,0,0,0,0,0,0
2018,FMWT,4,10/9/2018,795,29256,48.74418226,0.543428954,0,0,0,0,0,0,0.005253814
2018,FMWT,4,10/9/2018,796,28917,48.17936554,7.303165305,0,0,0,0,0,0,0
2018,FMWT,4,10/9/2018,797,28311,47.16969319,5.484209165,0,0,0,0,0,0,0
2018,FMWT,4,10/10/2018,906,40588,67.62472209,0.000729041,0,0,0,0,0,0,0
2018,FMWT,4,10/10/2018,910,29302,48.82082405,1.130406186,0,0,0,0,0,0,0
2018,FMWT,4.5,10/22/2018,513,32816,54.67559082,0.400140737,0,0,0,0.123298291,0,0,0
2018,FMWT,4.5,10/22/2018,704,29233,48.70586136,2.69101711,0,0,0,0.155644855,0,0,0.001314487
2018,FMWT,4.5,10/22/2018,706,32162,53.58594441,3.947975784,0,0,0,0,0,0,0
2018,FMWT,4.5,10/22/2018,802,37649,62.72797777,0.021446338,0,0,0,0.006898916,0,0,0
2018,FMWT,4.5,10/23/2018,416,20135,33.54744701,6.899949384,0,0,0,0.737788311,0,0.357584417,0
2018,FMWT,4.5,10/23/2018,519,24846,41.3965666,0.004187162,0,0,0,0.075727717,0,0,0
2018,FMWT,4.5,10/23/2018,602,20739,34.55378711,0.008155052,0,0,0,0.081076058,0,0,0
2018,FMWT,5,10/31/2018,405,23841,39.72210997,1.359229747,0.00152968,0,0,0.946227567,0,1.057987333,0
2018,FMWT,5,10/31/2018,411,35277,58.7759269,0,0,0.002777162,0,0.00278127,0,0,0
2018,FMWT,5,10/31/2018,501,26821,44.68716545,0.017978246,0,0,0,0.082030936,0,0,0
2018,FMWT,5,10/31/2018,504,23578,39.28391883,0.001254996,0,0,0,0.004155142,0,0,0
2018,FMWT,5,11/1/2018,416,23323,38.8590567,0.268800442,0,0,0,0.086102496,0,0.011896578,0
2018,FMWT,5,11/1/2018,418,28981,48.28599761,0.027305389,0,0,0,0.029043463,0,0.000903861,0
2018,FMWT,5,11/1/2018,602,18864,31.42980086,0.004392395,0,0,0,0.006387691,0,0,0.000145627
2018,FMWT,5,11/1/2018,606,19954,33.2458782,13.30652074,0.005251038,0,0,5.668856449,0,0,0
2018,FMWT,5,11/2/2018,508,20465,34.09726859,2.144026619,0,0,0,0.467047566,0,0,0
2018,FMWT,5,11/2/2018,513,25291,42.13799267,0.013840013,0,0,0,0.001035736,0,0,0
2018,FMWT,5,11/2/2018,519,31535,52.54128341,0.00112625,0,0,0,0,0,0,0
2018,FMWT,5,11/2/2018,804,21447,35.73340432,0.003035697,0,0,0,0.001221374,0,0,0
2018,FMWT,5,11/5/2018,704,28752,47.90445475,4.273898565,0,0,0,0.057296052,0,0,0
2018,FMWT,5,11/5/2018,706,32457,54.07745158,0.024112131,0,0,0,0.004984051,0,0,0
2018,FMWT,5,11/5/2018,707,19457,32.41781358,0.019664322,0,0,0,0,0,0,0
2018,FMWT,5,11/5/2018,716,30478,50.78018823,0.000776873,0,0,0,0,0,0,0
2018,FMWT,5,11/6/2018,910,25445,42.39457607,0.001162912,0,0,0,0,0,0,0
2018,FMWT,5,11/7/2018,812,26682,44.45557393,0,0,0,0,0,0.000385065,0,0
2018,FMWT,5,11/8/2018,719,18597,30.98494522,10.03724801,0,0,0,0,0,0,0
2018,FMWT,5,11/8/2018,795,34560,57.58131456,0.021682756,0,0,0,0,0,0,0.004529703
2018,FMWT,5,11/8/2018,796,26438,44.04903919,7.341874151,0,0,0,0,0,0,0
2018,FMWT,5,11/8/2018,797,30730,51.20005198,1.233676415,0,0,0,0,0,0,0.028880099
2018,FMWT,6,12/5/2018,405,27456,45.74515546,0.599192681,0,0.013345452,0,0.229414477,0,0.071727327,0.000374209
2018,FMWT,6,12/5/2018,411,37201,61.98155333,0.014912869,0,0.013876463,0,0.055040655,0,0.00263353,0
2018,FMWT,6,12/5/2018,501,34065,56.75658219,0.007965851,0,0,0,0.002442756,0,0,0
2018,FMWT,6,12/5/2018,504,28918,48.18103167,0.031421218,0,0,0,0.022390184,0,0,0
2018,FMWT,6,12/6/2018,416,37947,63.22448332,0,0,0,0,0.002612407,0,0,0.006582314
2018,FMWT,6,12/6/2018,418,40184,66.95160718,0.979383531,0,0.017516327,0,0.275761282,0,0.00622329,0.17429802
2018,FMWT,6,12/6/2018,602,34260,57.08147676,0.002738955,0,0.000764589,0,0.000299892,0,0,0
2018,FMWT,6,12/6/2018,606,26484,44.12568098,1.066982739,0,0,0,1.304800931,0,0,0.00943132
2018,FMWT,6,12/7/2018,508,43358,72.23989111,0,0,0,0,0.000236964,0,0,0
2018,FMWT,6,12/7/2018,513,37663,62.75130354,0.013786689,0,0,0,0.004237998,0,0,0
2018,FMWT,6,12/7/2018,519,37979,63.27779935,0.000935156,0,0,0,0,0,0,0
2018,FMWT,6,12/7/2018,608,37133,61.86825676,0.018962278,0,0,0,0.056685947,0.037911082,0,0
2018,FMWT,6,12/10/2018,704,29062,48.42095381,0.670841138,0,0,0,0,0,0,0
2018,FMWT,6,12/10/2018,802,39852,66.39845335,0.000297068,0,0,0,0.02065374,0,0,0
2018,FMWT,6,12/10/2018,804,33648,56.06180765,0.004146972,0,0,0,0.000305346,0,0,0
2018,FMWT,6,12/11/2018,912,40069,66.76000269,0,0,0,0,0,0,0,0.001351089
2018,FMWT,6,12/14/2018,719,31203,51.98812958,0.427212425,0,0,0,0,8.80E-05,0,0
2018,FMWT,6,12/14/2018,795,27299,45.48357367,0.024008079,0,0,0,0,0,0,0
2018,FMWT,6,12/14/2018,796,28311,47.16969319,2.737636897,0,0,0,0,0.042812451,0,0
2018,FMWT,6,12/14/2018,797,32061,53.41766569,1.53676658,0,0,0,0,0,0,0.005366072
2019,FMWT,3,9/5/2019,405,43559,72.57478243,4.083311536,0,0,0,0.30092416,0,0.007336697,0.004436127
2019,FMWT,3,9/5/2019,411,41297,68.80600542,4.536319324,0,0,0,0.802838036,0,0,0.025985464
2019,FMWT,3,9/5/2019,501,30086,50.12706684,14.79363192,0,0,0,0.190446084,0,0,0
2019,FMWT,3,9/5/2019,504,36843,61.38508022,28.25595205,0,0,0,0.059983218,0,0,0
2019,FMWT,3,9/6/2019,416,33279,55.44700715,15.73788622,0,0,0,1.168974998,0,0,0
2019,FMWT,3,9/6/2019,418,37300,62.1464998,12.92144277,0,0,0,0.833972835,0,0,0
2019,FMWT,3,9/6/2019,602,42121,70.17889325,0.442350195,0,0,0,0.197406179,0,0,0.026373637
2019,FMWT,3,9/6/2019,606,39322,65.51540657,18.25710463,0,0,0,1.698335815,0,0,0
2019,FMWT,3,9/6/2019,802,40876,68.10456638,0.128705122,0,0,0,0,0,0,0.002133323
2019,FMWT,3,9/6/2019,804,38036,63.37276854,0.004991406,0,0,0,0,0,0,0.00229261
2019,FMWT,3,9/9/2019,508,34726,57.85789148,3.38759957,0,0,0,0.010436663,0,0,0
2019,FMWT,3,9/9/2019,513,33379,55.61361975,8.207015249,0,0,0,0.019462581,0,0,0
2019,FMWT,3,9/9/2019,519,32671,54.43400255,0.081935497,0,0,0,0.117384553,0,0,0
2019,FMWT,3,9/9/2019,608,27744,46.22499974,10.01488744,0,0,0,0.128413619,0,0,0
2019,FMWT,3,9/10/2019,706,27760,46.25165776,0.047208675,0,0,0,0,0,0,0
2019,FMWT,3,9/10/2019,707,28071,46.76982295,0,0,0,0,0.001098033,0,0,0
2019,FMWT,3,9/10/2019,711,25038,41.71646279,0.035801019,0,0,0,0,0,0,0
2019,FMWT,3,9/11/2019,910,26168,43.59918517,0.138141259,0,0,0,0,0,0,0
2019,FMWT,3,9/11/2019,912,31664,52.75621366,0.02499726,0,0,0,0,0,0,0
2019,FMWT,3,9/12/2019,815,35762,59.58399801,0.00099313,0,0,0,0,0,0,0
2019,FMWT,3,9/13/2019,719,26065,43.42757419,101.5308358,0,0,0,0,0,0,0
2019,FMWT,3,9/13/2019,795,34312,57.16811531,3.946610733,0,0,0,0,0,0,0
2019,FMWT,3,9/13/2019,796,32658,54.41234291,17.49348508,0,0,0,0,0,0,0
2019,FMWT,3,9/13/2019,797,33316,55.50865382,20.74479533,0,0,0,0,0,0,0
2019,FMWT,3.5,9/17/2019,416,26502,44.15567125,0.451593516,0,0,0.00038768,0.014273834,0,0,0
2019,FMWT,3.5,9/17/2019,508,26819,44.68383319,0.797918724,0,0,0,0.009752167,0,0,0
2019,FMWT,3.5,9/17/2019,519,29770,49.60057102,0.021965247,0,0,0,0.001225028,0,0,0
2019,FMWT,3.5,9/17/2019,602,28574,47.60788432,0.005800011,0,0,0,0.014099595,0,0,0
2019,FMWT,3.5,9/17/2019,606,26614,44.34227736,7.093293388,0,0,0,0.02431312,0,0,0
2019,FMWT,3.5,9/18/2019,513,30123,50.1887135,0.155997846,0,0,0,0,0,0,0
2019,FMWT,3.5,9/18/2019,704,30236,50.37698574,0.037353459,0,0,0,0,0,0,0.011027767
2019,FMWT,3.5,9/18/2019,706,27045,45.06037767,0.002095736,0,0,0,0,0,0,0.001074773
2019,FMWT,3.5,9/18/2019,802,27974,46.60820872,0.00562268,0,0,0,0,0,0,0
2019,FMWT,4,9/30/2019,508,30693,51.13840532,2.10577513,0,0,0,0,0,0,0
2019,FMWT,4,9/30/2019,513,32839,54.71391171,0.479862186,0,0,0,0,0,0,0
2019,FMWT,4,9/30/2019,519,22515,37.51282689,0.165274336,0,0,0,0.323889595,0,0,0
2019,FMWT,4,9/30/2019,608,31039,51.71488491,0.066080554,0,0,0,0.006225499,0,0,0
2019,FMWT,4,10/1/2019,704,31634,52.70622988,0.002806187,0,0,0,0,0,0,0
2019,FMWT,4,10/1/2019,706,32839,54.71391171,0.008109648,0,0,0,0,0,0,0
2019,FMWT,4,10/1/2019,707,31066,51.75987032,0.005473428,0,0,0,0,0,0,0
2019,FMWT,4,10/1/2019,711,32371,53.93416475,0.001097164,0,0,0,0,0,0,0
2019,FMWT,4,10/3/2019,812,28134,46.87478888,0.001262398,0,0,0,0,0,0,0
2019,FMWT,4,10/7/2019,405,32408,53.99581141,0.074325169,0,0,0,0,0,0.02994952,0
2019,FMWT,4,10/7/2019,411,30716,51.17672622,0.313200189,0,0,0,0.050803323,0,0,0
2019,FMWT,4,10/7/2019,501,36948,61.56002345,3.467433133,0,0,0,0.513591315,0,0,0
2019,FMWT,4,10/7/2019,504,47301,78.80942593,7.134589117,0,0,0,0.092202848,0,0,0
2019,FMWT,4,10/10/2019,416,34608,57.66128861,0.238453506,0,0,0,0.307554015,0,0,0
2019,FMWT,4,10/10/2019,418,36733,61.20180636,0.087015704,0,0,0,0.019147306,0,0,0
2019,FMWT,4,10/10/2019,602,37942,63.21615269,0.620895311,0,0,0,0.365225709,0,0,0
2019,FMWT,4,10/10/2019,606,33652,56.06847215,6.888328867,0,0,0,0.402360295,0,0,0
2019,FMWT,4,10/10/2019,802,32111,53.50097199,0.212883268,0,0,0,0,0,0,0
2019,FMWT,4,10/10/2019,804,23889,39.80208401,0.507346648,0,0,0,0,0,0,0
2019,FMWT,4,10/11/2019,719,39262,65.41543901,0.870220414,0,0,0,0,0,0,0
2019,FMWT,4,10/11/2019,723,38851,64.73066123,0.002284907,0,0,0,0,0,0,0
2019,FMWT,4,10/11/2019,795,40270,67.09489402,1.105561072,0,0,0,0,0,0,0
2019,FMWT,4,10/11/2019,796,38960,64.91226896,5.774991686,0,0,0,0,0,0,0
2019,FMWT,4,10/11/2019,797,38253,63.73431788,22.21370699,0,0,0,0,0,0,0
2019,FMWT,4.5,10/22/2019,416,19690,32.80602094,0.553299203,0,0,0,0.042390084,0,0,0
2019,FMWT,4.5,10/22/2019,508,33456,55.74191146,1.396492582,0,0,0,0,0,0,0
2019,FMWT,4.5,10/22/2019,519,29698,49.48060995,0.009197543,0,0,0,0.00270495,0,0,0
2019,FMWT,4.5,10/22/2019,602,31458,52.41299171,0.009811969,0,0,0,0.017601085,0,0,0
2019,FMWT,4.5,10/22/2019,606,35417,59.00918454,0.026724641,0,0,0,0,0,0,0
2019,FMWT,4.5,10/23/2019,513,29866,49.76051912,0.832624449,0,0,0,0.001169437,0,0,0
2019,FMWT,4.5,10/23/2019,802,31337,52.21139046,0.000755578,0,0,0,0,0,0,0
2019,FMWT,5,11/6/2019,405,31523,52.5212899,1.667847568,0,0,0,0.214527357,0,0.04460539,0
2019,FMWT,5,11/6/2019,501,21258,35.41850651,0.12758748,0,0,0,0.166291803,0,0,0
2019,FMWT,5,11/7/2019,416,21908,36.50148841,0.439048563,0,0,0,0.055991047,0,0,0
2019,FMWT,5,11/7/2019,418,29834,49.70720308,0.845609105,0,0,0,0.188244261,0,0,0
2019,FMWT,5,11/7/2019,608,37073,61.7682892,0.322685659,0,0,0,0.008166083,0,0,0
2019,FMWT,5,11/8/2019,508,37715,62.83794209,12.78945193,0,0,0,0.376058839,0,0,0
2019,FMWT,5,11/8/2019,513,34956,58.24110046,1.12085259,0,0,0,0.043216784,0,0,0
2019,FMWT,5,11/8/2019,519,29912,49.83716091,0.664401585,0,0,0,0.366713301,0,0,0
2019,FMWT,5,11/12/2019,704,30484,50.79018498,0.318386138,0,0,0,0,0,0,0
2019,FMWT,5,11/12/2019,716,33201,55.31704933,0.018951486,0,0,0,0,0,0,0
2019,FMWT,5,11/12/2019,802,30500,50.816843,0.349795504,0,0,0,0,0,0,0
2019,FMWT,5,11/12/2019,804,30398,50.64689815,0.037780955,0,0,0,0,0,0,0
2019,FMWT,5,11/13/2019,910,31200,51.9831312,0.003793629,0,0,0,0,0,0,0
2019,FMWT,5,11/15/2019,796,27145,45.22699027,0.319001135,0,0,0,0,0,0,0.003859982
2019,FMWT,5,11/15/2019,797,30471,50.76852535,2.433581792,0,0,0,0,0,0,0
2019,FMWT,5,11/21/2019,504,34934,58.20444568,1.032859214,0,0,0,0.030916766,0,0,0
2019,FMWT,6,12/2/2019,508,29792,49.63722579,1.898854204,0,0,0,0.040008476,0,0,0
2019,FMWT,6,12/2/2019,513,25994,43.30927924,6.598749311,0,0,0,0.114522105,0,0,0
2019,FMWT,6,12/2/2019,519,42887,71.45514576,0.003195278,0,0.001221573,0,0,0,0,0
2019,FMWT,6,12/2/2019,608,28233,47.03973536,0.001677295,0,0,0,0,0,0,0
2019,FMWT,6,12/3/2019,704,29117,48.51259074,11.05491661,0,0,0,0.222255948,0,0,0
2019,FMWT,6,12/3/2019,706,28707,47.82947908,1.089862308,0,0,0,0,0,0,0
2019,FMWT,6,12/3/2019,711,32995,54.97382737,0.04292609,0,0,0,0,0,0,0
2019,FMWT,6,12/3/2019,716,26846,44.7288186,0.029901969,0,0,0,0,0,0,0
2019,FMWT,6,12/4/2019,809,34716,57.84123022,0.00136407,0,0,0,0,0,0,0
2019,FMWT,6,12/10/2019,504,30872,51.43664187,0.427897459,0,0.003507177,0,0.023737544,0,0,0
2019,FMWT,6,12/13/2019,405,25474,42.44289372,1.22861451,0,0.478044442,0,0.68295655,0,0.040784688,0
2019,FMWT,6,12/13/2019,411,34629,57.69627725,0.021678156,0,0.085616509,0,0,0,0,0
2019,FMWT,6,12/13/2019,501,33775,56.27340565,0.429828819,0,0.251158862,0,0.194374497,0,0,0
2019,FMWT,6,12/16/2019,416,21611,36.00664899,0.002191248,0,0,0,0,0,0,0
2019,FMWT,6,12/16/2019,418,10354,17.2510686,2.188102423,0,0.474915363,0,0.505062868,0,0,0
2019,FMWT,6,12/16/2019,602,41758,69.57408951,0.197231958,0,0,0,0.172405793,0,0,0
2019,FMWT,6,12/16/2019,606,40667,67.75634604,24.42358894,0,0,0,0.790132622,0,0,0
2019,FMWT,6,12/16/2019,802,30475,50.77518985,0.013870435,0,0,0,0,0,0,0
2019,FMWT,6,12/17/2019,719,31044,51.72321554,0.965394967,0,0,0,0,0,0,0
2019,FMWT,6,12/17/2019,795,36395,60.63865577,0.001301142,0,0,0,0,0,0,0
2019,FMWT,6,12/17/2019,796,35136,58.54100314,5.051349203,0,0,0,0,0,0,0
2019,FMWT,6,12/17/2019,797,37903,63.15117378,1.618818592,0,0,0,0,0,0,0
2018,STN,3,7/11/2018,Honk,31314,52.17306956,0.017198815,0,0,0,0.104972541,0,0,0
2018,STN,4,7/26/2018,Mont,33282,55.45200553,1.432619053,0,0,0,0.07245396,0,0,0
2018,STN,4,7/27/2018,Honk,29346,48.8941336,1.320702404,0,0,0,0.044182972,0,0,0
2018,STN,5,8/8/2018,Honk,34164,56.92152866,0.0512637,0,0,0,0.147951311,0,0,0
2018,STN,5,8/9/2018,Mont,24975,41.61149685,0.849092244,0,0,0,0.040261572,0,0,0
2018,STN,6,8/22/2018,Honk,19397,32.31784602,0.027157747,0,0,0,0.118034953,0,0,0
2018,STN,6,8/23/2018,Mont,26360,43.91908136,0.469667247,0,0,0.002053748,0.0461125,0,0,0.000643583
2018,STN,7,9/5/2018,405,36813,61.33509644,0.008000534,0,0,0,0.031732311,0,0.000298492,0
2018,STN,7,9/6/2018,501,30529,50.86516065,1.17855133,0,0,0,0.170702734,0,0,0
2018,STN,7,9/6/2018,504,32220,53.68257972,1.022554702,0,0,0,0.740703257,0,0,0
2018,STN,7,9/7/2018,411,27197,45.31362882,0.001523296,0,0,0,0.046366121,0,0,0
2018,STN,7,9/10/2018,Honk,18195,30.31516257,0.189904437,0,0,0,0.087018235,0,0,0.003729563
2018,STN,7,9/13/2018,520,31732,52.86951023,0.240480674,0,0,0,0.001295133,0,0,0
2018,STN,7.5,9/24/2018,520,27305,45.49357043,0.011404476,0,0,0,0.000752558,0,0,0
2018,STN,7.5,9/24/2018,609,27305,45.49357043,0.320752268,0,0,0,0.518923405,0,0,0
2018,STN,7.5,9/24/2018,610,27305,45.49357043,0.125715769,0,0,0,0.086544741,0,0,0
2018,STN,7.5,9/24/2018,Mont,27305,45.49357043,0.062529087,0,0,0,0.055309426,0,0,0
2018,STN,7.5,9/25/2018,411,27305,45.49357043,0,0,0,0,0.000376279,0,0,0
2018,STN,7.5,9/25/2018,501,27305,45.49357043,0.068973895,0,0,0,0.026203693,0,0,0.000100608
2018,STN,7.5,9/25/2018,504,27305,45.49357043,0.0017343,0,0,0,0.004891625,0,0,0
2018,STN,7.5,9/25/2018,Honk,27305,45.49357043,0.011889627,0,0,0,0.049684825,0,0,0
2018,STN,8,10/2/2018,405,24771,41.27160715,0.001433785,0.0002218,0,0,0.029445526,0,0.076444471,0
2018,STN,8,10/3/2018,501,29206,48.66087596,0.567816696,0,0,0,0.35897284,0,0,0
2018,STN,8,10/3/2018,504,25346,42.2296296,0.231130185,0,0,0,0.099279043,0,0,0
2018,STN,8,10/4/2018,411,31642,52.71955889,0.031849945,0,0,0,0.533961633,0.000324704,0.004253333,0.019931437
2018,STN,8,10/5/2018,Honk,24536,40.88006754,0.000482506,0,0,0,0.039312062,0,0,0
2018,STN,8,10/9/2018,520,31758,52.91282951,0.018399402,0,0,0,0.007682828,0,0,0
2018,STN,8,10/9/2018,609,30170,50.26702142,7.076891395,0,0,0,0.781701415,0,0,0
2018,STN,8,10/9/2018,610,30757,51.24503738,0.692746984,0,0,0.00085167,0.076063898,0,0,0
2018,STN,8,10/9/2018,Mont,32140,53.54928964,0.030265576,0,0,0,0.021323538,0,0,0
2018,STN,8.5,10/22/2018,520,29193,48.63921632,0.035031831,0,0,0,0.003043836,0,0,0
2018,STN,8.5,10/22/2018,609,25663,42.75779154,0.304683731,0,0,0,0.108546971,0,0,0.009236492
2018,STN,8.5,10/22/2018,610,26358,43.91574911,0.00651146,0,0,0,0.525364852,0.000779596,0,0
2018,STN,8.5,10/22/2018,Mont,28052,46.73816655,0.002954205,0,0,0,0.093149089,0,0,0.001369827
2018,STN,8.5,10/23/2018,411,15890,26.47474214,0.03922009,0,0,0,1.135234114,0,0.279925407,0
2018,STN,8.5,10/23/2018,501,28629,47.69952125,0.037451197,0,0,0,0.098123598,0,0.004337027,0.002805952
2018,STN,8.5,10/23/2018,504,25104,41.8264271,0.002257775,0,0,0,0.005765722,0,0,0
2018,STN,8.5,10/23/2018,Honk,21703,36.15993258,0.017411989,0,0,0.002494438,0.136141036,0,0,0
2019,STN,3,7/9/2019,MONT,37913,63.16783504,2.644929818,0,0,0,0,0,0,0
2019,STN,3,7/11/2019,HONK,31369,52.26470649,1.515922463,0,0,0,0.100503307,0,0,0
2019,STN,4,7/23/2019,MONT,34829,58.02950245,2.029391083,0,0,0,0.071583953,0.000294992,0,0
2019,STN,4,7/24/2019,HONK,22639,37.71942651,0.029168128,0,0,0,0.447033866,0,0,0
2019,STN,5,8/6/2019,MONT,43555,72.56811793,9.390121495,0,0,0,0.761682113,0,0,0
2019,STN,5,8/7/2019,HONK,34342,57.21809909,0,0,0,0,0.022811947,0,0,0.001061939
2019,STN,6,8/20/2019,602,43493,72.46481812,0.445926987,0,0,0,0.286859324,0,0,0
2019,STN,6,8/20/2019,MONT,43307,72.15491868,0,0,0,0,0.031945939,0,0,0
2019,STN,6,8/22/2019,HONK,30681,51.11841181,0.186146059,0,0,0,0.307479502,0,0,0
2019,STN,7,9/4/2019,405,38436,64.03921894,0.376576005,0,0,0,0.110388481,0,0,0
2019,STN,7,9/9/2019,411,22871,38.10596775,0.369171076,0,0,0,0.406800398,0,0,0
2019,STN,7,9/9/2019,501,26019,43.35093239,5.130600331,0,0,0,0.182551681,0,0,0
2019,STN,7,9/9/2019,504,NA,NA,0,0,0,0,0,0,0,0
2019,STN,7,9/9/2019,609,28339,47.21634471,1.462822843,0,0,0,0.03595092,0,0,0
2019,STN,7,9/9/2019,HONK,32607,54.32737048,0.642811272,0,0,0,0.097065593,0,0,0
2019,STN,7.5,9/17/2019,411,23451,39.07232083,0.953573475,0,0,0,0.329724461,0,0,0
2019,STN,7.5,9/17/2019,501,26829,44.70049445,1.950201751,0,0,0,0.181935581,0,0,0
2019,STN,7.5,9/17/2019,504,28868,48.09772537,0.367068325,0,0,0,0.017711414,0,0,0.001875322
2019,STN,7.5,9/17/2019,HONK,22578,37.61779283,0.119134445,0,0,0,0.056531168,0,0,0.022717738
2019,STN,7.5,9/18/2019,520,29897,49.81216902,0.014961996,0,0,0,0,0,0,0
2019,STN,7.5,9/18/2019,609,30226,50.36032448,3.188621989,0,0,0,0.007728492,0,0,0
2019,STN,7.5,9/18/2019,610,26903,44.82378778,0.48071502,0,0,0,0.049073893,0,0,0
2019,STN,7.5,9/18/2019,MONT,28067,46.76315844,0.667350933,0,0,0,0.059699062,0,0,0
2019,STN,8,9/30/2019,HONK,19823,33.0276157,0.024052337,0,0,0,0.085926407,0,0,0
2019,STN,8,10/7/2019,501,35079,58.44603395,0.017450187,0,0,0,0.014228853,0,0,0
2019,STN,8,10/7/2019,504,22887,38.13262576,3.290954508,0,0,0,0.199253179,0,0,0
2019,STN,8,10/7/2019,609,35252,58.73427375,0.62949935,0,0,0,0.112908352,0,0,0
2019,STN,8,10/7/2019,610,31733,52.87117636,0.114649069,0,0,0,0.003087321,0,0,0
2019,STN,8,10/7/2019,MONT,31014,51.67323176,6.016788607,0,0,0,0.015064254,0,0,0
2019,STN,8,10/9/2019,405,31136,51.87649914,0.019957107,0,0,0,0.02612072,0,0.008342974,0.000841303
2019,STN,8,10/10/2019,411,33269,55.43034589,0.04809334,0,0,0,0.026995262,0,0,0
2019,STN,8.5,10/22/2019,411,41259,68.74269263,0,0,0,0,0.000249019,0,0,0
2019,STN,8.5,10/22/2019,501,34608,57.66128861,0.08518829,0,0,0,0.05141871,0,0,0
2019,STN,8.5,10/22/2019,504,36107,60.15881148,0.019420999,0,0,0,0.028213304,0,0,0
2019,STN,8.5,10/22/2019,HONK,10473,17.4493376,0.001130408,0,0,0,0,0,0,0
2019,STN,8.5,10/23/2019,520,29804,49.6572193,0.052317905,0,0,0,0,0,0,0
2019,STN,8.5,10/23/2019,609,27219,45.35028359,0.858294715,0,0,0,0.019357711,0,0,0
2019,STN,8.5,10/23/2019,610,34242,57.05148649,0.019241536,0,0,0,0.015675687,0,0,0
2019,STN,8.5,10/23/2019,MONT,32758,54.57895551,1.306858326,0,0,0,0.036517363,0,0,0
