Year,Month,SUBREGION,mean_BPUE,Samplesize
1995,2,Confluence,2795.5461999999998,1
1995,2,NW Suisun,3575.1588,1
1995,2,SE Suisun,1833.1310549999998,2
1995,2,SW Suisun,25717.68224918676,1
1995,3,Confluence,6519.5954,1
1995,3,NW Suisun,3917.82424,1
1995,3,SE Suisun,6435.849155,2
1995,3,SW Suisun,4297.6178,1
1995,4,Confluence,6612.989230527061,5
1995,4,NE Suisun,2189.6623832202686,2
1995,4,NW Suisun,9294.73787474667,3
1995,4,SE Suisun,10883.48717292481,4
1995,4,SW Suisun,64798.904517150266,3
1995,5,Confluence,11951.082556805135,9
1995,5,NE Suisun,3970.2009416766723,2
1995,5,NW Suisun,13853.202080568448,5
1995,5,SE Suisun,11124.74160221054,5
1995,5,SW Suisun,9565.224053619097,5
1995,6,Confluence,14760.954083751267,9
1995,6,NE Suisun,14571.910331928691,2
1995,6,NW Suisun,17546.395828447545,5
1995,6,SE Suisun,7785.741154997671,5
1995,6,SW Suisun,21326.088304031793,4
1995,7,Confluence,24845.679868244304,9
1995,7,NE Suisun,34393.61229970303,3
1995,7,NW Suisun,32292.891567015104,5
1995,7,SE Suisun,29621.72526281175,6
1995,7,SW Suisun,22839.55816961746,5
1995,8,Confluence,34733.38645390325,5
1995,8,NE Suisun,15133.056036030604,2
1995,8,NW Suisun,15066.660610800163,3
1995,8,SE Suisun,42285.364727202475,4
1995,8,SW Suisun,16053.816979380865,3
1995,9,Confluence,7509.348717070055,2
1995,9,NW Suisun,17899.564684476547,1
1995,9,SE Suisun,18547.76220385408,2
1995,9,SW Suisun,21696.2174357871,1
1995,10,Confluence,17797.961573402743,1
1995,10,NW Suisun,12429.884959402616,1
1995,10,SE Suisun,17332.256432109076,2
1995,10,SW Suisun,12659.180556981893,1
1995,11,Confluence,9241.654559520219,2
1995,11,NW Suisun,9763.25061,1
1995,11,SE Suisun,18741.297891546245,2
1995,11,SW Suisun,10485.48748,1
1995,12,Confluence,3411.279877341535,2
1995,12,NW Suisun,7822.769646706169,1
1995,12,SE Suisun,4096.264100992024,1
1995,12,SW Suisun,15554.800629999998,1
1996,1,Confluence,2912.1210460694238,2
1996,1,NW Suisun,5616.34853,1
1996,1,SE Suisun,2764.6082100000003,2
1996,1,SW Suisun,11280.22983,1
1996,2,Confluence,2544.894021170252,2
1996,2,NW Suisun,1494.66012,1
1996,2,SE Suisun,2448.96021,2
1996,2,SW Suisun,3738.0851910385,1
1996,3,Confluence,3533.98332,2
1996,3,NW Suisun,11186.060800000001,1
1996,3,SE Suisun,4388.462817781614,2
1996,3,SW Suisun,28133.772970053386,1
1996,4,Confluence,4373.21346528667,10
1996,4,NE Suisun,4380.02620082195,4
1996,4,NW Suisun,6634.057497243126,5
1996,4,SE Suisun,3859.9014888074275,6
1996,4,SW Suisun,20086.879463073732,5
1996,5,Confluence,11534.20685851087,10
1996,5,NE Suisun,7386.174126061495,4
1996,5,NW Suisun,6467.504612844474,5
1996,5,SE Suisun,15397.584378928526,6
1996,5,SW Suisun,11575.271736544499,5
1996,6,Confluence,18243.133089124418,6
1996,6,NE Suisun,17581.654667544386,3
1996,6,NW Suisun,11130.943140523714,3
1996,6,SE Suisun,12058.561831611067,4
1996,6,SW Suisun,10101.747086569483,5
1996,7,Confluence,17869.16214083932,10
1996,7,NE Suisun,2175.0982706409245,2
1996,7,NW Suisun,13766.375579150872,5
1996,7,SE Suisun,12962.572008303334,6
1996,7,SW Suisun,7064.742197720704,5
1996,8,Confluence,19606.829104748285,2
1996,8,NW Suisun,35161.88464067901,1
1996,8,SE Suisun,35428.71133003394,2
1996,8,SW Suisun,21828.464133653983,1
1996,9,Confluence,29690.822230962734,1
1996,9,NW Suisun,7452.895152046144,1
1996,9,SE Suisun,23383.8577973934,2
1996,9,SW Suisun,18669.869841089185,1
1996,10,Confluence,34863.80450077442,2
1996,10,NW Suisun,18223.435989999998,1
1996,10,SE Suisun,27965.619010828355,2
1996,10,SW Suisun,24637.63667511158,1
1996,11,Confluence,12077.82269602536,2
1996,11,NW Suisun,8962.89516,1
1996,11,SE Suisun,11113.669095184812,2
1996,11,SW Suisun,13096.74604,1
1996,12,Confluence,1912.0015250000001,2
1996,12,SE Suisun,1335.1823963067304,2
1996,12,SW Suisun,3235.0743154374227,1
1997,1,Confluence,1934.0544649999997,2
1997,1,NW Suisun,1097.5554499999998,1
1997,1,SE Suisun,2791.83925,2
1997,1,SW Suisun,2034.7841700000001,1
1997,2,Confluence,3091.287585,2
1997,2,NW Suisun,1448.59411,1
1997,2,SE Suisun,3648.3589500000003,2
1997,2,SW Suisun,11536.667691714672,1
1997,3,Confluence,2212.5439850000002,2
1997,3,NW Suisun,7133.44363680984,1
1997,3,SE Suisun,10161.814184193929,2
1997,3,SW Suisun,102098.0632229538,1
1997,4,Confluence,6740.180066391899,10
1997,4,NE Suisun,2369.1011068463113,2
1997,4,NW Suisun,9237.17503624037,4
1997,4,SE Suisun,14245.602228977747,5
1997,4,SW Suisun,14070.648551726807,3
1997,5,Confluence,17976.602627666955,11
1997,5,NE Suisun,3201.723539642432,3
1997,5,NW Suisun,16519.285069563437,5
1997,5,SE Suisun,12220.614884691666,6
1997,5,SW Suisun,14548.15510925052,5
1997,6,Confluence,8956.408038713507,10
1997,6,NE Suisun,1865.006060265844,4
1997,6,NW Suisun,2034.1040911385196,7
1997,6,SE Suisun,4285.186743608054,5
1997,6,SW Suisun,1817.7061315896453,5
1997,7,Confluence,7492.532126255078,9
1997,7,NE Suisun,1365.9481556963099,4
1997,7,NW Suisun,10657.696254413882,5
1997,7,SE Suisun,15091.22156863128,6
1997,7,SW Suisun,2568.4155929215926,5
1997,8,Confluence,33928.53878829683,2
1997,8,NW Suisun,27066.018342387855,1
1997,8,SE Suisun,44122.75734549972,2
1997,8,SW Suisun,19314.49908481877,1
1997,9,Confluence,42699.50934268061,2
1997,9,NW Suisun,27265.571019999996,1
1997,9,SE Suisun,38104.22154260836,2
1997,9,SW Suisun,26044.379942388245,1
1997,10,Confluence,117412.91751201055,2
1997,10,NW Suisun,9499.44755266466,1
1997,10,SE Suisun,46604.55782402883,2
1997,10,SW Suisun,22813.386846183865,1
1997,11,Confluence,52972.234194293436,2
1997,11,NW Suisun,14977.3157232118,1
1997,11,SE Suisun,22940.239625459886,2
1997,11,SW Suisun,12256.128293157017,1
1997,12,Confluence,4065.4412071525885,1
1997,12,NW Suisun,6370.41329,1
1997,12,SE Suisun,8084.096735604797,2
1997,12,SW Suisun,7526.137569904077,1
1998,1,Confluence,1451.7181404948294,2
1998,1,NW Suisun,2291.39946,1
1998,1,SE Suisun,3451.6343843344857,2
1998,1,SW Suisun,3930.6405015551036,1
1998,2,Confluence,12471.813225,2
1998,2,NW Suisun,13869.3176,1
1998,2,SE Suisun,8547.418295,2
1998,2,SW Suisun,6340.34605,1
1998,3,Confluence,8021.240725,2
1998,3,NW Suisun,6431.79147,1
1998,3,SE Suisun,8534.92120568463,2
1998,3,SW Suisun,28749.664810251812,1
1998,4,Confluence,5619.714609666025,7
1998,4,NE Suisun,1147.640749164137,3
1998,4,NW Suisun,4594.655989621626,5
1998,4,SE Suisun,6852.679428426477,4
1998,4,SW Suisun,1305.6401155382273,2
1998,5,Confluence,6496.981677992746,10
1998,5,NE Suisun,3644.9754031210227,4
1998,5,NW Suisun,20084.6845106093,5
1998,5,SE Suisun,5623.859589419,5
1998,5,SW Suisun,30308.017419685937,3
1998,6,Confluence,12310.594594294027,14
1998,6,NE Suisun,5789.46121636653,4
1998,6,NW Suisun,13179.153760530331,5
1998,6,SE Suisun,13066.380202427612,7
1998,6,SW Suisun,14798.943328853267,4
1998,7,Confluence,16469.011760144505,10
1998,7,NE Suisun,16659.89874353774,6
1998,7,NW Suisun,17500.61289673436,7
1998,7,SE Suisun,13350.782268612458,6
1998,7,SW Suisun,33550.09229059675,7
1998,8,Confluence,17274.249224692743,2
1998,8,NW Suisun,23353.07084864528,1
1998,8,SE Suisun,24007.063107781294,3
1998,8,SW Suisun,48847.29947937542,1
1998,9,Confluence,19744.038767433718,2
1998,9,NW Suisun,78357.14985772783,1
1998,9,SE Suisun,17861.09179909404,1
1998,9,SW Suisun,31473.847949323295,1
1998,10,Confluence,19342.51729329489,2
1998,10,SE Suisun,20115.961636608725,2
1998,10,SW Suisun,11802.50622289369,1
1998,11,Confluence,15620.117174715513,2
1998,11,NW Suisun,46720.34674767704,1
1998,11,SE Suisun,20366.23472445687,2
1998,11,SW Suisun,8402.69862657964,1
1998,12,Confluence,2296.82678,2
1998,12,NW Suisun,4751.480584401088,1
1998,12,SE Suisun,3736.380907349255,2
1998,12,SW Suisun,29486.80492774273,1
1999,3,Confluence,7990.39448324594,2
1999,3,NW Suisun,9405.77745,1
1999,3,SE Suisun,6190.02794,2
1999,3,SW Suisun,94920.25321657938,1
1999,4,Confluence,9381.100940409668,10
1999,4,NE Suisun,4503.24070268518,4
1999,4,NW Suisun,12459.313072971976,5
1999,4,SE Suisun,11384.48476534358,5
1999,4,SW Suisun,31646.55633525819,4
1999,5,Confluence,10945.815216135961,9
1999,5,NE Suisun,7065.019933945658,2
1999,5,NW Suisun,2573.923023924563,2
1999,5,SE Suisun,11092.449183780804,4
1999,5,SW Suisun,18719.8085768831,4
1999,6,Confluence,19789.03813080696,12
1999,6,NE Suisun,8365.017523823579,4
1999,6,NW Suisun,7238.095837895144,5
1999,6,SE Suisun,12252.827110650709,6
1999,6,SW Suisun,9483.01066505782,5
1999,7,Confluence,29479.57922654174,10
1999,7,NE Suisun,5840.548901520111,4
1999,7,NW Suisun,13527.367797479917,5
1999,7,SE Suisun,23496.046882316547,6
1999,7,SW Suisun,11540.049607319748,5
1999,8,Confluence,15953.492702484906,2
1999,8,NW Suisun,54145.033775006304,1
1999,8,SE Suisun,48100.7663249063,2
1999,8,SW Suisun,48934.74679047258,1
1999,9,Confluence,42239.71397782056,2
1999,9,NW Suisun,154042.0983071551,1
1999,9,SE Suisun,88131.94824859296,2
1999,9,SW Suisun,14535.695075479649,1
1999,10,Confluence,142133.88120347107,2
1999,10,NW Suisun,84072.14586504127,1
1999,10,SE Suisun,83078.10894522676,2
1999,10,SW Suisun,47236.16035120632,1
1999,11,Confluence,32121.634417190355,2
1999,11,NW Suisun,45872.93791999999,1
1999,11,SE Suisun,63720.29608869886,2
1999,11,SW Suisun,44506.913305486785,1
1999,12,Confluence,7093.355791164654,2
1999,12,NW Suisun,20247.093918337538,1
1999,12,SE Suisun,16313.018127601805,2
1999,12,SW Suisun,32984.68211,1
2000,1,Confluence,5217.018940142088,2
2000,1,NW Suisun,7612.886728981639,1
2000,1,SE Suisun,13861.043615170276,2
2000,1,SW Suisun,17697.729932253333,1
2000,2,Confluence,4399.54665,2
2000,2,NW Suisun,6014.7528999999995,1
2000,2,SE Suisun,5547.71053,2
2000,2,SW Suisun,39291.85871844414,1
2000,3,Confluence,786.637020000124,6
2000,3,NE Suisun,1274.9412366472184,2
2000,3,NW Suisun,1380.2585772029156,3
2000,3,SE Suisun,4988.541935481215,4
2000,3,SW Suisun,20463.493482461985,3
2000,4,Confluence,5140.657995723399,10
2000,4,NE Suisun,4457.84473216454,4
2000,4,NW Suisun,19998.94510837115,3
2000,4,SE Suisun,16056.8490848674,5
2000,4,SW Suisun,63174.00201708627,5
2000,5,Confluence,25436.89704427535,12
2000,5,NE Suisun,5576.908177578836,4
2000,5,NW Suisun,8570.969937776945,5
2000,5,SE Suisun,14635.417249833306,7
2000,5,SW Suisun,23153.817067155673,5
2000,6,Confluence,18899.635108010425,10
2000,6,NE Suisun,4000.7360073392447,6
2000,6,NW Suisun,4577.847719853765,7
2000,6,SE Suisun,7850.7150392953035,5
2000,6,SW Suisun,7882.209258607593,7
2000,7,Confluence,8726.467224602295,6
2000,7,NE Suisun,1071.8477320604636,2
2000,7,NW Suisun,9081.109883965524,3
2000,7,SE Suisun,15187.076101209226,4
2000,7,SW Suisun,10468.626680242827,3
2000,8,Confluence,13249.128424184983,2
2000,8,NW Suisun,24223.600758748104,1
2000,8,SE Suisun,18779.572450441523,2
2000,8,SW Suisun,8664.861354103581,1
2000,9,Confluence,34128.697756493464,2
2000,9,NW Suisun,73343.59057713457,1
2000,9,SE Suisun,35037.92753505748,2
2000,9,SW Suisun,9187.368739577805,1
2000,10,Confluence,84614.1860443354,2
2000,10,NW Suisun,10576.82997334737,1
2000,10,SE Suisun,71030.01731737793,2
2000,10,SW Suisun,6772.821763494907,1
2000,11,Confluence,11670.22744942605,2
2000,11,NW Suisun,39072.21620988178,1
2000,11,SE Suisun,31097.123382148005,2
2000,11,SW Suisun,12113.788904932633,1
2000,12,Confluence,7638.013773269613,2
2000,12,NW Suisun,5058.705128602659,1
2000,12,SE Suisun,8443.88482131531,2
2000,12,SW Suisun,15905.919809642523,1
2001,1,Confluence,6330.4893981827645,2
2001,1,NW Suisun,3907.63672,1
2001,1,SE Suisun,7402.165884963971,2
2001,1,SW Suisun,10409.324843291795,1
2001,2,Confluence,3616.8313834297005,2
2001,2,NW Suisun,5711.4150500000005,1
2001,2,SE Suisun,7909.50245490719,2
2001,2,SW Suisun,8575.14352,1
2001,3,Confluence,2439.2598487237788,6
2001,3,NE Suisun,2201.2004696640647,2
2001,3,NW Suisun,8062.636124088666,3
2001,3,SE Suisun,11607.575497209107,4
2001,3,SW Suisun,22901.715483345986,3
2001,4,Confluence,1837.3526233211082,10
2001,4,NE Suisun,507.4274502145586,4
2001,4,NW Suisun,12392.60622410866,5
2001,4,SE Suisun,8104.319292847434,6
2001,4,SW Suisun,6900.6603034733325,5
2001,5,Confluence,12699.080021158186,14
2001,5,NE Suisun,1540.588188313045,5
2001,5,NW Suisun,9622.996266379292,5
2001,5,SE Suisun,10350.944659410452,7
2001,5,SW Suisun,8427.520048581104,5
2001,6,Confluence,15079.992631710193,10
2001,6,NE Suisun,1585.0965857605465,5
2001,6,NW Suisun,3877.2826222846456,7
2001,6,SE Suisun,10885.168531091453,7
2001,6,SW Suisun,3843.066236300164,7
2001,7,Confluence,57075.07978280574,2
2001,7,NW Suisun,2603.0432349388266,1
2001,7,SE Suisun,42927.52541775228,2
2001,7,SW Suisun,7529.247975920636,1
2001,8,Confluence,56667.99776897661,2
2001,8,NW Suisun,42542.91178559059,1
2001,8,SE Suisun,33723.57311589073,2
2001,8,SW Suisun,17812.74313073179,1
2001,9,Confluence,74767.63206548858,2
2001,9,NW Suisun,25810.260337214775,1
2001,9,SE Suisun,51782.30117707559,2
2001,9,SW Suisun,10564.00780264832,1
2001,10,Confluence,79966.3541979524,2
2001,10,NW Suisun,6244.790817683298,1
2001,10,SE Suisun,38971.94933996759,2
2001,10,SW Suisun,15831.085342296486,1
2001,11,Confluence,37682.28804185998,2
2001,11,NW Suisun,15683.083578504462,1
2001,11,SE Suisun,14997.282166705021,2
2001,11,SW Suisun,10185.315306129556,1
2001,12,Confluence,2544.96930062968,2
2001,12,NW Suisun,2050.5602059354046,1
2001,12,SE Suisun,20642.067826802187,1
2001,12,SW Suisun,23398.05598060827,1
2002,1,Confluence,1518.9831879103033,2
2002,1,NW Suisun,2018.2668061331285,1
2002,1,SE Suisun,3806.8338670414028,2
2002,1,SW Suisun,32382.98343802744,1
2002,2,Confluence,7905.597296224984,2
2002,2,NW Suisun,35690.717625608886,1
2002,2,SE Suisun,28985.782383823687,2
2002,2,SW Suisun,16325.419744195724,1
2002,3,Confluence,5376.9947064233365,4
2002,3,NE Suisun,5170.942072936001,2
2002,3,NW Suisun,16873.929994113147,3
2002,3,SE Suisun,17853.081526578782,4
2002,3,SW Suisun,18059.67593664885,3
2002,4,Confluence,2881.048034864448,10
2002,4,NE Suisun,1590.1985283836605,4
2002,4,NW Suisun,12465.472698337224,3
2002,4,SE Suisun,10152.930666365952,6
2002,4,SW Suisun,8383.160455268451,5
2002,5,Confluence,3520.156264788355,14
2002,5,NE Suisun,592.7261104716714,5
2002,5,NW Suisun,8489.940921772057,7
2002,5,SE Suisun,14589.746775615748,7
2002,5,SW Suisun,6059.405604470245,7
2002,6,Confluence,11356.888079753227,10
2002,6,NE Suisun,953.7340265144461,5
2002,6,NW Suisun,4067.3888408888192,3
2002,6,SE Suisun,6992.753172647615,6
2002,6,SW Suisun,9389.617874789503,4
2002,7,Confluence,66847.74757365942,2
2002,7,NW Suisun,82880.88591213684,1
2002,7,SE Suisun,53586.101649202974,2
2002,7,SW Suisun,19489.004534918997,1
2002,8,Confluence,59640.25142620638,2
2002,8,NW Suisun,29333.051971019868,1
2002,8,SE Suisun,37439.80694487616,2
2002,8,SW Suisun,22020.999073573978,1
2002,9,Confluence,55276.66934315991,2
2002,9,NW Suisun,21191.27051113966,1
2002,9,SE Suisun,60953.45756058085,2
2002,9,SW Suisun,12847.674428691573,1
2002,10,Confluence,43224.91677005989,2
2002,10,NW Suisun,45934.56058109702,1
2002,10,SE Suisun,44300.60866858583,2
2002,10,SW Suisun,9830.72331,1
2002,11,Confluence,19647.741443066487,2
2002,11,NW Suisun,18391.457883746854,1
2002,11,SE Suisun,39613.63921613551,2
2002,11,SW Suisun,24467.712395060695,1
2002,12,Confluence,12811.729007662994,2
2002,12,NW Suisun,4467.389456320818,1
2002,12,SE Suisun,18617.134932554512,2
2002,12,SW Suisun,28953.650030000004,1
2003,1,Confluence,3983.043278799066,2
2003,1,NW Suisun,13253.797557474065,1
2003,1,SE Suisun,18312.045830775514,2
2003,1,SW Suisun,20332.66759,1
2003,2,Confluence,5981.609434844365,2
2003,2,NW Suisun,20635.673735336077,1
2003,2,SE Suisun,40557.505587385356,2
2003,2,SW Suisun,30654.397884577265,1
2003,3,Confluence,4320.462236147174,6
2003,3,NE Suisun,1819.989843421707,2
2003,3,NW Suisun,36102.869906029046,3
2003,3,SE Suisun,25314.517410989287,4
2003,3,SW Suisun,23182.303427507377,3
2003,4,Confluence,4023.369069763757,10
2003,4,NE Suisun,2478.7695276988757,4
2003,4,NW Suisun,11684.677936126734,5
2003,4,SE Suisun,12039.02709830279,5
2003,4,SW Suisun,30115.238576883617,5
2003,5,Confluence,4979.314393944892,9
2003,5,NE Suisun,2549.622517577389,4
2003,5,NW Suisun,2770.1578960821867,5
2003,5,SE Suisun,5793.326692831979,6
2003,5,SW Suisun,12013.43371415759,5
2003,6,Confluence,12014.82718748462,9
2003,6,NE Suisun,16142.814252304432,3
2003,6,NW Suisun,7847.533951100748,4
2003,6,SE Suisun,13587.077766689396,4
2003,6,SW Suisun,6611.035758732773,4
2003,7,Confluence,21850.548010553382,6
2003,7,NE Suisun,1354.7800207391342,2
2003,7,NW Suisun,67084.1813331526,3
2003,7,SE Suisun,9740.465307964752,3
2003,7,SW Suisun,5792.5890516852005,3
2003,8,Confluence,20265.724883557923,2
2003,8,NW Suisun,77286.90031566804,1
2003,8,SE Suisun,26036.696226449552,1
2003,8,SW Suisun,20798.130513953573,1
2003,9,Confluence,45779.63143280527,2
2003,9,NW Suisun,53314.29455414126,1
2003,9,SE Suisun,49394.93934543681,2
2003,9,SW Suisun,20519.791105015487,1
2003,10,Confluence,66346.58111774086,2
2003,10,NW Suisun,42576.611219823484,1
2003,10,SE Suisun,59685.64875590335,2
2003,10,SW Suisun,14855.525754642074,1
2003,11,Confluence,14962.234823031937,2
2003,11,NW Suisun,15116.428202015339,1
2003,11,SE Suisun,17867.593689131325,2
2003,11,SW Suisun,30082.06097,1
2003,12,Confluence,6578.620501935551,2
2003,12,NW Suisun,3772.8127837646757,1
2003,12,SE Suisun,11373.013831754575,2
2003,12,SW Suisun,27178.328672653504,1
2004,1,Confluence,3468.930312567548,3
2004,1,NW Suisun,5409.017585782981,1
2004,1,SE Suisun,8097.6897242746945,3
2004,1,SW Suisun,13601.225350825114,1
2004,2,Confluence,549.39967,2
2004,2,NW Suisun,4015.81625,1
2004,2,SE Suisun,2653.0233173974266,3
2004,2,SW Suisun,5237.926061533046,1
2004,3,Confluence,8787.14136,2
2004,3,NW Suisun,3621.0936399999996,1
2004,3,SE Suisun,18385.116277675043,3
2004,3,SW Suisun,25120.997849770243,1
2004,4,Confluence,2201.5892154167454,14
2004,4,NE Suisun,1289.1143475572662,5
2004,4,NW Suisun,8838.660776309005,7
2004,4,SE Suisun,4338.518375143532,9
2004,4,SW Suisun,9170.511721255458,7
2004,5,Confluence,13620.305594116033,12
2004,5,NE Suisun,1666.7882831017992,4
2004,5,NW Suisun,9349.392149538993,5
2004,5,SE Suisun,10170.08472155601,6
2004,5,SW Suisun,4011.3279379622736,5
2004,6,Confluence,10562.966398331428,11
2004,6,NE Suisun,1142.5181466675979,4
2004,6,NW Suisun,5140.002721683005,5
2004,6,SE Suisun,5905.422465482407,6
2004,6,SW Suisun,5759.11941944369,3
2004,7,Confluence,10583.066301406268,6
2004,7,NE Suisun,499.9192637429143,2
2004,7,NW Suisun,17701.902775160663,3
2004,7,SE Suisun,14850.497705784623,4
2004,7,SW Suisun,15150.606219885509,3
2004,8,Confluence,51455.56164894508,3
2004,8,NW Suisun,29225.77144555538,1
2004,8,SE Suisun,35071.69863476701,2
2004,8,SW Suisun,9847.65251060574,1
2004,9,Confluence,72204.41893956994,2
2004,9,NW Suisun,27208.820785241456,1
2004,9,SE Suisun,54813.37483771566,2
2004,9,SW Suisun,20685.47633066217,1
2004,10,Confluence,39550.09480496557,2
2004,10,NW Suisun,41238.56763416131,1
2004,10,SE Suisun,36575.977190654026,2
2004,10,SW Suisun,22859.311178783857,1
2004,11,Confluence,9446.462118030477,2
2004,11,NW Suisun,9806.679255195888,1
2004,11,SE Suisun,16279.772156251654,2
2004,11,SW Suisun,13389.049122915758,1
2004,12,Confluence,2201.4019086990793,2
2004,12,NW Suisun,48035.484005873084,1
2004,12,SE Suisun,6915.730920152319,2
2004,12,SW Suisun,16403.66979,1
2005,1,Confluence,2794.1292103201536,3
2005,1,NW Suisun,6843.440814558563,1
2005,1,SE Suisun,4024.8972144092995,2
2005,1,SW Suisun,17974.981812587383,1
2005,2,Confluence,1007.1839166666666,3
2005,2,NW Suisun,9774.220197780085,1
2005,2,SE Suisun,3754.0743933224016,3
2005,2,SW Suisun,7985.04905,1
2005,3,Confluence,982.2768447888942,9
2005,3,NE Suisun,602.4600762835573,3
2005,3,NW Suisun,10557.179887145005,3
2005,3,SE Suisun,5070.634524690987,6
2005,3,SW Suisun,6175.55452633077,3
2005,4,Confluence,2494.043915048217,11
2005,4,NE Suisun,1173.6936414315821,5
2005,4,NW Suisun,3610.2175866832786,7
2005,4,SE Suisun,9370.401308561404,7
2005,4,SW Suisun,6124.4303131781635,7
2005,5,Confluence,3620.6479159923215,8
2005,5,NE Suisun,3076.4864875935846,2
2005,5,NW Suisun,5834.719915641789,4
2005,5,SE Suisun,6906.923398628285,6
2005,5,SW Suisun,10228.154903843062,3
2005,6,Confluence,10504.206469576196,16
2005,6,NE Suisun,4964.140899490443,8
2005,6,NW Suisun,5689.19252331617,9
2005,6,SE Suisun,10292.452487607981,11
2005,6,SW Suisun,8339.451702781022,7
2005,7,Confluence,21319.920570148384,7
2005,7,NE Suisun,3108.595059256536,2
2005,7,NW Suisun,6142.199932112505,4
2005,7,SE Suisun,30004.87070934844,6
2005,7,SW Suisun,9263.260143969563,3
2005,8,Confluence,12750.58644183377,9
2005,8,NE Suisun,1313.53125,4
2005,8,NW Suisun,16083.670104706394,5
2005,8,SE Suisun,20926.742274364984,6
2005,8,SW Suisun,11108.29214336817,3
2005,9,Confluence,15309.414943719377,6
2005,9,NW Suisun,11771.92939054197,3
2005,9,SE Suisun,19856.620917516415,4
2005,9,SW Suisun,13480.201069727493,2
2005,10,Confluence,27990.409678232085,2
2005,10,NW Suisun,45501.57996939343,1
2005,10,SE Suisun,40654.317590457256,2
2005,10,SW Suisun,22039.975252676035,1
2005,11,Confluence,9692.029255169171,2
2005,11,NW Suisun,10164.5679,1
2005,11,SE Suisun,19982.853112042103,2
2005,11,SW Suisun,10127.531368290312,1
2005,12,Confluence,2990.9847446757703,4
2005,12,NW Suisun,11150.379947049913,1
2005,12,SE Suisun,8783.259280019412,2
2005,12,SW Suisun,14785.44868358361,1
2006,1,Confluence,4751.062005,2
2006,1,NW Suisun,6631.55948,1
2006,1,SE Suisun,5859.921364847674,4
2006,1,SW Suisun,29426.797921705023,1
2006,2,Confluence,6617.809572808208,3
2006,2,NW Suisun,89749.57279225191,1
2006,2,SE Suisun,36776.71437010799,2
2006,2,SW Suisun,36968.80481,1
2006,3,Confluence,628.4895713053908,6
2006,3,NE Suisun,569.4118074734308,2
2006,3,NW Suisun,1696.3742936950275,3
2006,3,SE Suisun,6662.518961900907,6
2006,3,SW Suisun,25648.888669574197,3
2006,4,Confluence,2329.371699597426,8
2006,4,NE Suisun,1124.5804341921416,4
2006,4,NW Suisun,1467.5569231966165,5
2006,4,SE Suisun,2872.085479716349,6
2006,4,SW Suisun,2257.588732992422,5
2006,5,Confluence,3219.7173795872773,9
2006,5,NE Suisun,1070.6672254529662,4
2006,5,NW Suisun,3318.328082246538,5
2006,5,SE Suisun,6019.647021971546,6
2006,5,SW Suisun,47585.35612100845,6
2006,6,Confluence,14615.976654908058,22
2006,6,NE Suisun,15494.11664798353,9
2006,6,NW Suisun,19578.53374090737,11
2006,6,SE Suisun,20341.454331246587,12
2006,6,SW Suisun,28241.122466046265,10
2006,7,Confluence,30493.899395410546,15
2006,7,NE Suisun,12865.103296824902,6
2006,7,NW Suisun,24205.98972625829,7
2006,7,SE Suisun,33966.703320606146,10
2006,7,SW Suisun,11569.811505228712,5
2006,8,Confluence,12363.931309163623,10
2006,8,NE Suisun,2792.4587500000002,4
2006,8,NW Suisun,14888.004632986364,5
2006,8,SE Suisun,38644.8786634854,7
2006,8,SW Suisun,31661.82519013969,2
2006,9,Confluence,19371.264326539178,6
2006,9,NE Suisun,2296.2463999999995,1
2006,9,NW Suisun,19326.600053302875,3
2006,9,SE Suisun,29617.11305924156,4
2006,9,SW Suisun,104810.55999710376,2
2006,10,Confluence,8892.439122818882,5
2006,10,NE Suisun,563.174,1
2006,10,NW Suisun,10935.92453931052,3
2006,10,SE Suisun,13390.16675013061,4
2006,10,SW Suisun,7281.076995099661,2
2006,11,Confluence,21037.50299,2
2006,11,NW Suisun,52596.43038,1
2006,11,SE Suisun,20284.56136503486,2
2006,11,SW Suisun,9834.70025,1
2006,12,Confluence,2985.709828180333,2
2006,12,NW Suisun,9537.967219999999,1
2006,12,SE Suisun,7667.224496608292,2
2006,12,SW Suisun,4886.84203,1
2007,1,Confluence,4129.589644927339,3
2007,1,NW Suisun,2717.9139077858435,1
2007,1,SE Suisun,9018.543804425239,2
2007,1,SW Suisun,16603.48982058162,1
2007,2,Confluence,2429.452651116052,3
2007,2,NW Suisun,12048.028148977615,1
2007,2,SE Suisun,3962.9670630999526,3
2007,2,SW Suisun,13051.779220689654,1
2007,3,Confluence,2990.824342419167,11
2007,3,NE Suisun,2209.696798519981,4
2007,3,NW Suisun,4490.136075602348,4
2007,3,SE Suisun,4176.126252427496,6
2007,3,SW Suisun,17380.08876049419,3
2007,4,Confluence,2928.2128946733055,8
2007,4,NE Suisun,411.7210519368155,3
2007,4,NW Suisun,5915.9528419057615,5
2007,4,SE Suisun,9821.509213302856,6
2007,4,SW Suisun,7467.023317228473,5
2007,5,Confluence,10817.385826676904,10
2007,5,NE Suisun,2254.8008513099367,4
2007,5,NW Suisun,5774.894806834444,5
2007,5,SE Suisun,13167.866817322865,6
2007,5,SW Suisun,9576.530112393806,5
2007,6,Confluence,20561.609888231633,17
2007,6,NE Suisun,4363.247036511334,8
2007,6,NW Suisun,16204.92419569817,8
2007,6,SE Suisun,13412.547005111555,8
2007,6,SW Suisun,3159.961817895204,6
2007,7,Confluence,14677.433748873296,11
2007,7,NE Suisun,2981.470837508236,6
2007,7,NW Suisun,14591.750631118304,7
2007,7,SE Suisun,23054.190603021798,7
2007,7,SW Suisun,8551.160422259323,5
2007,8,Confluence,14283.911719381167,10
2007,8,NE Suisun,2460.611875,4
2007,8,NW Suisun,23163.01249303072,4
2007,8,SE Suisun,23036.301514917104,6
2007,8,SW Suisun,3255.2507096931995,3
2007,9,Confluence,14083.43166447106,5
2007,9,NE Suisun,2401.483592,1
2007,9,NW Suisun,87098.51870933265,1
2007,9,SE Suisun,32206.10681878774,4
2007,9,SW Suisun,15894.042369011207,1
2007,10,Confluence,10484.400002273498,5
2007,10,NE Suisun,2263.839085,1
2007,10,NW Suisun,46208.16695282208,1
2007,10,SE Suisun,22832.305016192906,4
2007,10,SW Suisun,16216.434449292195,1
2007,11,Confluence,17512.672480116566,2
2007,11,NW Suisun,32823.751724662565,1
2007,11,SE Suisun,32474.376817972898,2
2007,11,SW Suisun,11145.165390448137,1
2007,12,Confluence,6927.806937269457,2
2007,12,NW Suisun,19849.070966938896,1
2007,12,SE Suisun,13304.73563136246,2
2007,12,SW Suisun,19696.60761546884,1
2008,1,Confluence,9151.598282953772,3
2008,1,NW Suisun,12089.971133897736,1
2008,1,SE Suisun,11468.404423934431,3
2008,1,SW Suisun,20137.12674329842,1
2008,2,Confluence,6423.843033822954,2
2008,2,NW Suisun,20053.802403468257,1
2008,2,SE Suisun,12421.676380146855,4
2008,2,SW Suisun,10267.786299238334,1
2008,3,Confluence,2470.000621975432,7
2008,3,NE Suisun,3003.773039108849,2
2008,3,NW Suisun,21203.124847317868,3
2008,3,SE Suisun,21024.975393729597,5
2008,3,SW Suisun,9230.192877695994,3
2008,4,Confluence,10529.101684223415,15
2008,4,NE Suisun,4566.899519158903,6
2008,4,NW Suisun,24234.452407197212,6
2008,4,SE Suisun,7571.334142278587,8
2008,4,SW Suisun,12649.452004942064,6
2008,5,Confluence,16046.447374069463,12
2008,5,NE Suisun,1326.5080991940129,4
2008,5,NW Suisun,32032.592646594167,6
2008,5,SE Suisun,27685.94681329482,6
2008,5,SW Suisun,9110.047017012914,4
2008,6,Confluence,9701.63092852509,19
2008,6,NE Suisun,1107.587993036198,7
2008,6,NW Suisun,9197.510793966907,9
2008,6,SE Suisun,9409.68718733168,11
2008,6,SW Suisun,4133.580024352681,7
2008,7,Confluence,7202.69308374365,17
2008,7,NE Suisun,1297.2513432293647,8
2008,7,NW Suisun,14995.878064324004,9
2008,7,SE Suisun,14093.868689175752,9
2008,7,SW Suisun,2314.0114268597936,4
2008,8,Confluence,28263.663346106336,5
2008,8,NE Suisun,2736.0218,2
2008,8,NW Suisun,36276.21276132424,3
2008,8,SE Suisun,36975.97000433076,5
2008,8,SW Suisun,5287.801173484671,3
2008,9,Confluence,38176.61763889911,3
2008,9,NE Suisun,5010.0924,1
2008,9,NW Suisun,119763.05164391201,1
2008,9,SE Suisun,37985.31547868693,4
2008,9,SW Suisun,6227.891213254688,1
2008,10,Confluence,13484.598452678438,5
2008,10,NE Suisun,3119.6134,1
2008,10,NW Suisun,28869.684800869723,1
2008,10,SE Suisun,18408.937758944332,4
2008,10,SW Suisun,11091.37305,1
2008,11,Confluence,12329.722722366081,2
2008,11,NW Suisun,39343.81501609194,1
2008,11,SE Suisun,12831.122663677019,2
2008,11,SW Suisun,5724.428955166364,1
2008,12,Confluence,9020.81549836275,2
2008,12,NW Suisun,5560.362010096793,1
2008,12,SE Suisun,14414.2968804448,2
2008,12,SW Suisun,8912.888280000001,1
2009,1,Confluence,1983.8400000488386,2
2009,1,NW Suisun,6486.137715033272,1
2009,1,SE Suisun,11290.621503037588,2
2009,1,SW Suisun,18930.169810804597,1
2009,2,Confluence,2821.229361552023,4
2009,2,NW Suisun,5546.5561450695695,1
2009,2,SE Suisun,7521.02216202158,2
2009,2,SW Suisun,8981.062644162128,1
2009,3,Confluence,1993.656042820062,11
2009,3,NE Suisun,1999.4805934544022,3
2009,3,NW Suisun,10204.55206466527,3
2009,3,SE Suisun,9531.365064694197,5
2009,3,SW Suisun,5271.990977761875,3
2009,4,Confluence,2467.751224303811,10
2009,4,NE Suisun,1166.6278729305614,4
2009,4,NW Suisun,6217.951394991467,5
2009,4,SE Suisun,5333.014226111779,7
2009,4,SW Suisun,5575.173177641177,5
2009,5,Confluence,8615.312870323769,11
2009,5,NE Suisun,1978.1262364236875,4
2009,5,NW Suisun,16682.734216120793,5
2009,5,SE Suisun,16118.553877472847,6
2009,5,SW Suisun,20567.008919440923,5
2009,6,Confluence,13213.266654036463,19
2009,6,NE Suisun,1243.7843055409792,10
2009,6,NW Suisun,10254.956562843454,10
2009,6,SE Suisun,11568.968824028167,12
2009,6,SW Suisun,1621.20226179381,7
2009,7,Confluence,15305.744298293086,15
2009,7,NE Suisun,1177.55845,4
2009,7,NW Suisun,32330.6648058065,6
2009,7,SE Suisun,23946.483786554836,7
2009,7,SW Suisun,6612.018953011077,4
2009,8,Confluence,10026.705943824612,10
2009,8,NE Suisun,952.0253749999999,4
2009,8,NW Suisun,21432.162127356318,4
2009,8,SE Suisun,31420.794832683452,5
2009,8,SW Suisun,12462.455518327031,3
2009,9,Confluence,57577.17219063158,3
2009,9,NW Suisun,69752.68629754626,1
2009,9,SE Suisun,57579.57950551613,2
2009,9,SW Suisun,31333.78976916594,1
2009,10,Confluence,47602.32889056997,2
2009,10,NW Suisun,43260.44473800729,1
2009,10,SE Suisun,37122.79393809823,2
2009,10,SW Suisun,9057.567266347327,1
2009,11,Confluence,21214.216474177694,3
2009,11,NW Suisun,13367.699551403506,1
2009,11,SE Suisun,20501.719430946065,2
2009,11,SW Suisun,19299.163515347853,1
2009,12,Confluence,6605.7473107819005,2
2009,12,NW Suisun,9407.40199907441,1
2009,12,SE Suisun,18406.193826271647,2
2009,12,SW Suisun,20792.238500000003,1
2010,1,Confluence,1534.5526450296359,2
2010,1,NW Suisun,8892.703130120992,1
2010,1,SE Suisun,8321.639026745663,2
2010,1,SW Suisun,23080.526995142165,1
2010,2,Confluence,5870.22537238657,2
2010,2,NE Suisun,5716.713457133417,1
2010,2,NW Suisun,8503.125936279492,1
2010,2,SE Suisun,6252.030639152381,2
2010,2,SW Suisun,5613.963690702263,1
2010,3,Confluence,1004.574544430207,6
2010,3,NE Suisun,951.3491686526451,2
2010,3,NW Suisun,3028.389048015936,5
2010,3,SE Suisun,4500.06382280384,5
2010,3,SW Suisun,3816.730730087363,5
2010,4,Confluence,6152.914713893253,15
2010,4,NE Suisun,8739.421583289019,6
2010,4,NW Suisun,7726.886072480946,5
2010,4,SE Suisun,8604.086238764252,9
2010,4,SW Suisun,7837.0940373260755,5
2010,5,Confluence,12634.765714668889,10
2010,5,NE Suisun,7034.835477078767,4
2010,5,NW Suisun,13742.667682476593,4
2010,5,SE Suisun,15881.094315636645,7
2010,5,SW Suisun,7853.467758828392,4
2010,6,Confluence,17501.839984167433,17
2010,6,NE Suisun,3296.958073826853,8
2010,6,NW Suisun,9648.288600018153,4
2010,6,SE Suisun,21074.03153571598,10
2010,6,SW Suisun,7498.467390795965,3
2010,7,Confluence,15080.455239299108,10
2010,7,NE Suisun,1176.2270749999998,4
2010,7,NW Suisun,10420.605002221819,7
2010,7,SE Suisun,15827.338905561804,9
2010,7,SW Suisun,5085.803303663478,6
2010,8,Confluence,8243.595812373578,10
2010,8,NE Suisun,967.9144500000001,4
2010,8,NW Suisun,6761.889025204292,5
2010,8,SE Suisun,17884.76915809384,6
2010,8,SW Suisun,4416.977184592271,3
2010,9,Confluence,55789.345266696066,3
2010,9,NE Suisun,3260.8161999999998,1
2010,9,NW Suisun,8911.55248058225,3
2010,9,SE Suisun,28530.365956059784,5
2010,9,SW Suisun,16832.472755641946,2
2010,10,Confluence,24175.263992097673,2
2010,10,NW Suisun,37635.5745059937,1
2010,10,SE Suisun,36022.08269742348,2
2010,10,SW Suisun,7404.008005474893,1
2010,11,Confluence,19527.58997238325,2
2010,11,NW Suisun,12919.235381542647,1
2010,11,SE Suisun,16419.47170363646,2
2010,11,SW Suisun,16084.552598487597,1
2010,12,Confluence,4158.571314001578,4
2010,12,NW Suisun,8866.449202056861,1
2010,12,SE Suisun,8062.852543734951,2
2010,12,SW Suisun,14980.39016998185,1
2011,1,Confluence,3374.0855732345226,3
2011,1,NW Suisun,15156.79687965313,1
2011,1,SE Suisun,15471.647108989862,2
2011,1,SW Suisun,9262.011254647836,1
2011,2,Confluence,3725.390531275054,3
2011,2,NW Suisun,11476.109507228884,1
2011,2,SE Suisun,13881.541628778083,2
2011,2,SW Suisun,14252.824154398066,1
2011,3,Confluence,1142.5738065218716,10
2011,3,NE Suisun,2240.88159029779,4
2011,3,NW Suisun,4759.39766611172,4
2011,3,SE Suisun,5281.047332228404,8
2011,3,SW Suisun,7586.5004135565905,3
2011,4,Confluence,4601.13383130637,10
2011,4,NE Suisun,3599.776452863118,4
2011,4,NW Suisun,7528.548840845375,6
2011,4,SE Suisun,8090.356220809707,6
2011,4,SW Suisun,14003.563452743072,8
2011,5,Confluence,3714.7243861328393,10
2011,5,NE Suisun,5528.197458175371,4
2011,5,NW Suisun,7367.8621806175615,5
2011,5,SE Suisun,7291.009051845623,6
2011,5,SW Suisun,12029.43645858429,6
2011,6,Confluence,16880.212484110718,17
2011,6,NE Suisun,6366.436386628515,8
2011,6,NW Suisun,11438.524543972668,9
2011,6,SE Suisun,12535.744192944503,11
2011,6,SW Suisun,5255.7052561626815,6
2011,7,Confluence,23686.97482172389,15
2011,7,NE Suisun,14548.690397830942,6
2011,7,NW Suisun,11193.040665366825,6
2011,7,SE Suisun,15356.395581146051,11
2011,7,SW Suisun,12321.767220593263,6
2011,8,Confluence,13775.46638428055,10
2011,8,NE Suisun,4944.779675,4
2011,8,NW Suisun,36649.31785142165,4
2011,8,SE Suisun,35228.14488343755,7
2011,8,SW Suisun,27574.915636545044,3
2011,9,Confluence,16650.222881491263,6
2011,9,NE Suisun,2333.614859,1
2011,9,NW Suisun,32306.680741822893,4
2011,9,SE Suisun,17507.97189861593,5
2011,9,SW Suisun,39681.55276621679,2
2011,10,Confluence,6986.925563879192,6
2011,10,NE Suisun,7487.305832999999,1
2011,10,NW Suisun,31347.49312073508,4
2011,10,SE Suisun,22457.294221954995,6
2011,10,SW Suisun,20405.26219006836,2
2011,11,Confluence,11272.433914340367,5
2011,11,NE Suisun,1023.413943,1
2011,11,NW Suisun,2851.90232898306,4
2011,11,SE Suisun,15254.785931435665,5
2011,11,SW Suisun,9343.21937737447,2
2011,12,Confluence,4948.920595333702,5
2011,12,NE Suisun,347.67913599999997,1
2011,12,NW Suisun,1744.8305839097713,4
2011,12,SE Suisun,8972.86911507712,5
2011,12,SW Suisun,7059.222866378403,2
2012,1,Confluence,7364.281451091114,2
2012,1,NW Suisun,13499.59283870538,1
2012,1,SE Suisun,17598.621758211848,2
2012,1,SW Suisun,17099.096739019962,1
2012,2,Confluence,5937.3053137891375,3
2012,2,NW Suisun,28940.595171139077,1
2012,2,SE Suisun,18907.451246655142,3
2012,2,SW Suisun,20735.014290834566,1
2012,3,Confluence,1897.3790569414327,10
2012,3,NE Suisun,448.48030983226295,4
2012,3,NW Suisun,3968.748652949937,5
2012,3,SE Suisun,8760.138555029303,6
2012,3,SW Suisun,12298.557309577938,5
2012,4,Confluence,2136.812667517462,10
2012,4,NE Suisun,2462.8351066605246,4
2012,4,NW Suisun,2237.904691711082,5
2012,4,SE Suisun,6230.382834915829,7
2012,4,SW Suisun,8710.10581550629,5
2012,5,Confluence,12927.651563629232,10
2012,5,NE Suisun,4447.4766165772535,4
2012,5,NW Suisun,28689.154649684715,5
2012,5,SE Suisun,20101.305867340496,8
2012,5,SW Suisun,14580.260160282749,5
2012,6,Confluence,19657.61907842764,19
2012,6,NE Suisun,1869.622311092909,8
2012,6,NW Suisun,26511.197295530943,9
2012,6,SE Suisun,14632.184285022864,10
2012,6,SW Suisun,4622.746970159106,7
2012,7,Confluence,8495.583000627748,14
2012,7,NE Suisun,1263.556335232755,6
2012,7,NW Suisun,19480.17018169505,7
2012,7,SE Suisun,19700.69906407921,8
2012,7,SW Suisun,10728.614946989193,5
2012,8,Confluence,7538.4207687515645,10
2012,8,NE Suisun,1164.05025,4
2012,8,NW Suisun,22901.43121903048,5
2012,8,SE Suisun,31340.177386512405,6
2012,8,SW Suisun,12212.497135556407,3
2012,9,Confluence,40242.87046367719,6
2012,9,NE Suisun,2300.626549,1
2012,9,NW Suisun,36538.61429768874,4
2012,9,SE Suisun,44247.91318251852,5
2012,9,SW Suisun,16725.88096536002,2
2012,10,Confluence,28433.933639156312,5
2012,10,NE Suisun,987.7628510000001,1
2012,10,NW Suisun,15277.971894506116,4
2012,10,SE Suisun,53410.7501959757,5
2012,10,SW Suisun,9741.914747197217,2
2012,11,Confluence,16959.883637594936,5
2012,11,NE Suisun,2613.8407570000004,1
2012,11,NW Suisun,31373.526538675535,4
2012,11,SE Suisun,39261.63286027033,5
2012,11,SW Suisun,16624.757964370845,2
2012,12,Confluence,2250.3186442442984,5
2012,12,NE Suisun,1211.050891,1
2012,12,NW Suisun,7558.487878570627,4
2012,12,SE Suisun,9646.787186519185,6
2012,12,SW Suisun,20990.85951992196,2
2013,1,Confluence,6227.331005222211,4
2013,1,NW Suisun,22444.694206448872,1
2013,1,SE Suisun,27762.370633158636,2
2013,1,SW Suisun,7680.3040204616855,1
2013,2,Confluence,2799.3591718387615,3
2013,2,NW Suisun,23088.077157761472,1
2013,2,SE Suisun,8555.789631851272,2
2013,2,SW Suisun,6891.2060151549,1
2013,3,Confluence,11023.149623179539,11
2013,3,NE Suisun,2333.641724225303,4
2013,3,NW Suisun,42056.96716135373,5
2013,3,SE Suisun,44019.36824374168,6
2013,3,SW Suisun,4452.3557267247,5
2013,4,Confluence,8279.116326462281,11
2013,4,NE Suisun,2391.6414607088027,4
2013,4,NW Suisun,21242.819132906774,5
2013,4,SE Suisun,10040.716765510178,6
2013,4,SW Suisun,1901.8085062869668,4
2013,5,Confluence,10873.25948895048,10
2013,5,NE Suisun,1583.349720955029,4
2013,5,NW Suisun,9355.596703317215,5
2013,5,SE Suisun,11958.300176195216,6
2013,5,SW Suisun,7569.073821843461,5
2013,6,Confluence,13985.97187441401,19
2013,6,NE Suisun,1195.5860633596783,8
2013,6,NW Suisun,16230.900209864172,9
2013,6,SE Suisun,16060.734026790018,10
2013,6,SW Suisun,5722.8868852381365,7
2013,7,Confluence,16672.664865772684,15
2013,7,NE Suisun,1728.2892132436145,6
2013,7,NW Suisun,14732.78852659117,7
2013,7,SE Suisun,16373.161817952468,8
2013,7,SW Suisun,7358.959906601975,5
2013,8,Confluence,10364.825367991745,10
2013,8,NE Suisun,1628.404425,4
2013,8,NW Suisun,25973.712553705394,5
2013,8,SE Suisun,14290.316976661521,6
2013,8,SW Suisun,3261.341019876313,3
2013,9,Confluence,21963.325343022098,5
2013,9,NE Suisun,1833.0229519999998,1
2013,9,NW Suisun,41604.59894938299,4
2013,9,SE Suisun,27185.032586194196,5
2013,9,SW Suisun,8034.425856432648,2
2013,10,Confluence,26972.93210946942,5
2013,10,NE Suisun,1974.339582,1
2013,10,NW Suisun,15656.758596517993,4
2013,10,SE Suisun,18560.2659050397,5
2013,10,SW Suisun,5557.176471336963,2
2013,11,Confluence,11236.63192988031,5
2013,11,NE Suisun,2690.9592789999997,1
2013,11,NW Suisun,47588.821489854796,4
2013,11,SE Suisun,17588.87936527655,5
2013,11,SW Suisun,10668.214887417726,2
2013,12,Confluence,4856.733335809073,5
2013,12,NE Suisun,1748.371063,1
2013,12,NW Suisun,8874.100614268904,4
2013,12,SE Suisun,13338.270807803892,5
2013,12,SW Suisun,10643.309321282817,2
2014,1,Confluence,9904.115121091441,2
2014,1,NW Suisun,21714.891430834836,1
2014,1,SE Suisun,19983.613698002944,2
2014,1,SW Suisun,10102.355138947369,1
2014,2,Confluence,4249.9759794835445,2
2014,2,NW Suisun,14767.750341306715,1
2014,2,SE Suisun,21664.249661798283,2
2014,2,SW Suisun,20075.423144168173,1
2014,3,Confluence,3638.0456271083544,7
2014,3,NE Suisun,1890.16486543982,2
2014,3,NW Suisun,31084.74337050344,3
2014,3,SE Suisun,18044.18016304143,4
2014,3,SW Suisun,1988.1329560820848,3
2014,4,Confluence,4124.555063108578,15
2014,4,NE Suisun,989.3074417352391,6
2014,4,NW Suisun,9182.599116907011,5
2014,4,SE Suisun,8628.420935733775,8
2014,4,SW Suisun,7308.940568942458,5
2014,5,Confluence,13412.200389383175,10
2014,5,NE Suisun,1728.0672962028007,4
2014,5,NW Suisun,30206.529286485016,6
2014,5,SE Suisun,16172.701686335313,6
2014,5,SW Suisun,5900.2712539602535,7
2014,6,Confluence,15258.34423743282,21
2014,6,NE Suisun,2304.258575044088,8
2014,6,NW Suisun,29422.854048914913,8
2014,6,SE Suisun,20830.161773593634,10
2014,6,SW Suisun,8155.859552033199,7
2014,7,Confluence,14929.587501289234,15
2014,7,NE Suisun,3046.6282168463026,8
2014,7,NW Suisun,10021.49073012916,8
2014,7,SE Suisun,18434.065382765173,10
2014,7,SW Suisun,7088.974704330198,6
2014,8,Confluence,30646.169005939784,6
2014,8,NE Suisun,857.56855,2
2014,8,NW Suisun,14148.167951198406,2
2014,8,SE Suisun,16228.948221083641,4
2014,8,SW Suisun,5722.228494131091,2
2014,9,Confluence,27223.187712545958,5
2014,9,NE Suisun,1666.8008260000001,1
2014,9,NW Suisun,12274.679820236688,4
2014,9,SE Suisun,13508.116484392249,5
2014,9,SW Suisun,6684.229616471264,2
2014,10,Confluence,32678.25732939747,5
2014,10,NE Suisun,1586.272291,1
2014,10,NW Suisun,5897.202043057471,4
2014,10,SE Suisun,15029.02461449109,5
2014,10,SW Suisun,7750.522643258016,2
2014,11,Confluence,13497.430163870455,5
2014,11,NE Suisun,7158.8657,1
2014,11,NW Suisun,17273.36913226234,4
2014,11,SE Suisun,12210.048888532101,5
2014,11,SW Suisun,12640.562156233818,2
2014,12,Confluence,5350.009820075489,6
2014,12,NE Suisun,2794.4962330000003,1
2014,12,NW Suisun,12306.492732608156,4
2014,12,SE Suisun,13748.80381899738,5
2014,12,SW Suisun,13942.383838681788,2
2015,1,Confluence,18254.94179010593,2
2015,1,NW Suisun,8305.968099262962,1
2015,1,SE Suisun,19602.774333003345,2
2015,1,SW Suisun,9020.654563678478,1
2015,2,Confluence,4031.660435222602,3
2015,2,NW Suisun,28570.271152790876,1
2015,2,SE Suisun,15498.04461963562,2
2015,2,SW Suisun,3201.189725017272,1
2015,3,Confluence,8833.106450115733,6
2015,3,NE Suisun,756.4905173160371,2
2015,3,NW Suisun,25640.928257580472,3
2015,3,SE Suisun,31129.88916436306,4
2015,3,SW Suisun,8078.2569830555185,3
2015,4,Confluence,5725.50642269146,14
2015,4,NE Suisun,1691.1750175445666,6
2015,4,NW Suisun,42590.594545850436,7
2015,4,SE Suisun,16360.488619140418,8
2015,4,SW Suisun,6791.9153658227515,7
2015,5,Confluence,10529.82059675076,10
2015,5,NE Suisun,950.6403264100303,4
2015,5,NW Suisun,14184.539229687336,5
2015,5,SE Suisun,12390.695574383319,6
2015,5,SW Suisun,6415.618997782612,5
2015,6,Confluence,10576.073128143678,22
2015,6,NE Suisun,1517.7563436611422,10
2015,6,NW Suisun,20862.057473213896,9
2015,6,SE Suisun,11958.056328150216,12
2015,6,SW Suisun,5133.594473253495,6
2015,7,Confluence,27613.58730560471,14
2015,7,NE Suisun,1890.1002707649648,6
2015,7,NW Suisun,11286.392499232214,7
2015,7,SE Suisun,23672.173663218015,8
2015,7,SW Suisun,1956.4838838666815,4
2015,8,Confluence,33376.11299106355,6
2015,8,NE Suisun,564.4478,2
2015,8,NW Suisun,10797.284683391777,3
2015,8,SE Suisun,815.2535,2
2015,8,SW Suisun,10307.708399564643,2
2015,9,Confluence,45630.16407494186,5
2015,9,NE Suisun,4.607565999999999,1
2015,9,NW Suisun,28728.044580528644,4
2015,9,SE Suisun,23065.28541124977,5
2015,9,SW Suisun,14008.309270114034,2
2015,10,Confluence,28864.31230579111,5
2015,10,NE Suisun,3084.0804319999997,1
2015,10,NW Suisun,8516.896223528282,4
2015,10,SE Suisun,13409.15868939198,5
2015,10,SW Suisun,10643.11981867332,2
2015,11,Confluence,24495.956951198834,5
2015,11,NE Suisun,2101.4874000000004,1
2015,11,NW Suisun,13905.786747501612,4
2015,11,SE Suisun,15806.120430238483,5
2015,11,SW Suisun,7157.556627617664,2
2015,12,Confluence,10551.956076557464,5
2015,12,NE Suisun,1169.3146000000002,1
2015,12,NW Suisun,11372.920305328036,4
2015,12,SE Suisun,11361.709081131678,5
2015,12,SW Suisun,5171.691708550212,2
2016,1,Confluence,14783.714651591614,2
2016,1,NW Suisun,20111.9690819843,1
2016,1,SE Suisun,10337.225123334687,2
2016,1,SW Suisun,10916.3668858277,1
2016,2,Confluence,5040.410313829401,2
2016,2,NW Suisun,19069.467551996364,1
2016,2,SE Suisun,11910.929521968517,3
2016,2,SW Suisun,19858.162405598174,1
2016,3,Confluence,4355.875784654346,10
2016,3,NE Suisun,2334.6439983336536,4
2016,3,NW Suisun,14081.655859991011,5
2016,3,SE Suisun,8693.017982351781,6
2016,3,SW Suisun,12691.930741260436,5
2016,4,Confluence,9697.794348816707,10
2016,4,NE Suisun,4356.570581206301,4
2016,4,NW Suisun,8902.153433903217,5
2016,4,SE Suisun,15810.770308373187,7
2016,4,SW Suisun,10738.58086669788,5
2016,5,Confluence,19793.76971487493,10
2016,5,NE Suisun,6087.1508351242655,4
2016,5,NW Suisun,17563.3351821326,5
2016,5,SE Suisun,46601.6091721141,6
2016,5,SW Suisun,9731.971260038075,5
2016,6,Confluence,19137.78711031694,19
2016,6,NE Suisun,2241.6441428533944,8
2016,6,NW Suisun,10180.897394693202,7
2016,6,SE Suisun,12857.444800755971,10
2016,6,SW Suisun,8695.417351341417,5
2016,7,Confluence,12116.374204238171,15
2016,7,NE Suisun,1685.2350412163405,6
2016,7,NW Suisun,44181.02608132132,6
2016,7,SE Suisun,20085.576536752822,8
2016,7,SW Suisun,12290.789379266324,5
2016,8,Confluence,22389.52621456209,11
2016,8,NE Suisun,1350.54025,4
2016,8,NW Suisun,27288.21718592007,5
2016,8,SE Suisun,27563.96371041537,6
2016,8,SW Suisun,8898.418482485231,3
2016,9,Confluence,26416.40046230103,5
2016,9,NE Suisun,1007.8174899999999,1
2016,9,NW Suisun,56890.984633604945,4
2016,9,SE Suisun,62871.28095086968,5
2016,9,SW Suisun,29884.003300175355,2
2016,10,Confluence,24413.756575449665,5
2016,10,NE Suisun,2214.3195259999998,1
2016,10,NW Suisun,24685.88975478676,4
2016,10,SE Suisun,36427.145595649454,5
2016,10,SW Suisun,8936.300273130671,2
2016,11,Confluence,15779.310428608818,5
2016,11,NE Suisun,1633.05126,1
2016,11,NW Suisun,32481.76342255463,4
2016,11,SE Suisun,19771.781243775105,5
2016,11,SW Suisun,13391.733115204886,2
2016,12,Confluence,8423.965261481728,5
2016,12,NE Suisun,754.318103,1
2016,12,NW Suisun,22611.2603182202,4
2016,12,SE Suisun,16856.69530269553,5
2016,12,SW Suisun,11333.375875951839,2
2017,1,Confluence,3670.7590401133334,2
2017,1,NW Suisun,5939.248536961809,1
2017,1,SE Suisun,6798.832773733526,2
2017,1,SW Suisun,11859.55305734642,1
2017,2,Confluence,12871.053205000002,2
2017,2,NW Suisun,29846.407720000003,1
2017,2,SE Suisun,32027.84134,2
2017,2,SW Suisun,38863.36999,1
2017,3,Confluence,2557.968801847096,10
2017,3,NE Suisun,1238.1971698741336,4
2017,3,NW Suisun,4819.11742776532,5
2017,3,SE Suisun,4643.833116533602,6
2017,3,SW Suisun,5727.581665876016,5
2017,4,Confluence,2856.268698628528,10
2017,4,NE Suisun,1753.5965956086543,4
2017,4,NW Suisun,6894.403763994014,5
2017,4,SE Suisun,5263.243740109223,6
2017,4,SW Suisun,29175.925311778756,6
2017,5,Confluence,12114.17000932209,10
2017,5,NE Suisun,12061.136634882121,4
2017,5,NW Suisun,25540.553549225027,4
2017,5,SE Suisun,17081.73466678225,6
2017,5,SW Suisun,21182.194286631286,6
2017,6,Confluence,30686.12504144744,17
2017,6,NE Suisun,24370.76627876865,8
2017,6,NW Suisun,50819.93338787449,7
2017,6,SE Suisun,50035.40864458187,10
2017,6,SW Suisun,30669.59597820195,7
2017,7,Confluence,27824.02223879678,15
2017,7,NE Suisun,8770.223199007225,6
2017,7,NW Suisun,35578.07080225098,5
2017,7,SE Suisun,80727.93431965535,9
2017,7,SW Suisun,25408.437916534953,5
2017,8,Confluence,18612.54472869267,11
2017,8,NE Suisun,4060.7941,4
2017,8,NW Suisun,70477.31871661777,3
2017,8,SE Suisun,42346.684253743544,6
2017,8,SW Suisun,42364.078393203396,3
2017,9,Confluence,25863.12669485987,6
2017,9,NE Suisun,543.15456,1
2017,9,NW Suisun,33373.538889165575,4
2017,9,SE Suisun,50793.81659407463,6
2017,9,SW Suisun,62229.11659031957,2
2017,10,Confluence,16751.02709897118,6
2017,10,NE Suisun,3658.253781,1
2017,10,NW Suisun,19648.57022528472,4
2017,10,SE Suisun,31056.38768341202,5
2017,10,SW Suisun,10873.42775744882,2
2017,11,Confluence,8828.999442607277,5
2017,11,NE Suisun,2212.8414000000002,1
2017,11,NW Suisun,34933.312163190174,4
2017,11,SE Suisun,16257.005613384377,5
2017,11,SW Suisun,11520.296806787135,2
2017,12,Confluence,5950.909723647124,5
2017,12,NE Suisun,1114.778546,1
2017,12,NW Suisun,10689.442804467248,4
2017,12,SE Suisun,13147.21641418677,5
2017,12,SW Suisun,5849.307248622554,2
2018,1,Confluence,6898.777944523388,2
2018,1,NW Suisun,14028.688655493033,1
2018,1,SE Suisun,22771.989144109437,2
2018,1,SW Suisun,17668.175673569993,1
2018,2,Confluence,4304.916760617609,4
2018,2,NW Suisun,28416.489680550505,1
2018,2,SE Suisun,17698.27974725116,2
2018,2,SW Suisun,13411.824036648517,1
2018,3,Confluence,3194.275415141579,11
2018,3,NE Suisun,2232.853832365002,4
2018,3,NW Suisun,12811.130374313158,5
2018,3,SE Suisun,10713.768893035227,6
2018,3,SW Suisun,4135.858341190831,5
2018,4,Confluence,2626.8250573609907,10
2018,4,NE Suisun,2551.260869663573,4
2018,4,NW Suisun,4817.4904729038535,5
2018,4,SE Suisun,9309.15030747835,7
2018,4,SW Suisun,4663.802795697685,5
2018,5,Confluence,20377.117768319175,10
2018,5,NE Suisun,4842.394562133958,4
2018,5,NW Suisun,11498.67040070253,5
2018,5,SE Suisun,18722.760608263256,7
2018,5,SW Suisun,2283.0393830009416,5
2018,6,Confluence,20511.670383598754,17
2018,6,NE Suisun,4750.924527581458,6
2018,6,NW Suisun,26512.711226762967,7
2018,6,SE Suisun,18517.215414735863,8
2018,6,SW Suisun,7234.613697277159,6
2018,7,Confluence,25299.51330003354,15
2018,7,NE Suisun,3578.8740213589417,6
2018,7,NW Suisun,35008.73079828925,7
2018,7,SE Suisun,51885.299802127556,7
2018,7,SW Suisun,8182.021878662451,3
2018,8,Confluence,22644.543115265857,11
2018,8,NE Suisun,2444.4578411666666,6
2018,8,NW Suisun,32116.778249959665,6
2018,8,SE Suisun,55766.37694038378,6
2018,8,SW Suisun,21272.509991058618,3
2018,9,Confluence,25907.03680786047,9
2018,9,NE Suisun,3403.4613841666664,6
2018,9,NW Suisun,31668.87446066831,6
2018,9,SE Suisun,49784.184788526,8
2018,9,SW Suisun,12391.08617890987,3
2018,10,Confluence,29425.69090506037,9
2018,10,NE Suisun,4219.774683333334,6
2018,10,NW Suisun,17133.814197383672,7
2018,10,SE Suisun,31994.991944467034,9
2018,10,SW Suisun,12006.517287235934,5
2018,11,Confluence,20529.633026327043,5
2018,11,NE Suisun,3364.6495499999996,1
2018,11,NW Suisun,3030.4515012589154,4
2018,11,SE Suisun,32993.64710138071,3
2018,11,SW Suisun,22332.22734121597,1
2018,12,Confluence,7730.992164602222,6
2018,12,NE Suisun,5964.771456,1
2018,12,NW Suisun,5745.219301025987,4
2018,12,SE Suisun,10404.155391419654,5
2018,12,SW Suisun,10887.046923662128,2
2019,1,Confluence,4465.564356343727,4
2019,1,NW Suisun,38088.284309685405,1
2019,1,SE Suisun,27809.343001144625,2
2019,1,SW Suisun,15712.9079046168,1
2019,2,Confluence,4377.54351972039,2
2019,2,NW Suisun,13928.554396007261,1
2019,2,SE Suisun,13018.18983,2
2019,2,SW Suisun,13584.091839189352,1
2019,3,Confluence,1518.7337485600924,10
2019,3,NE Suisun,980.0756092035618,4
2019,3,NW Suisun,4408.051224099809,5
2019,3,SE Suisun,2326.6859402940495,6
2019,3,SW Suisun,12166.306945076902,6
2019,4,Confluence,3734.055249624035,8
2019,4,NE Suisun,1445.0190216549192,4
2019,4,NW Suisun,4426.668264077773,4
2019,4,SE Suisun,4971.562427145229,6
2019,4,SW Suisun,24195.708243033096,6
2019,5,Confluence,14186.104372269117,10
2019,5,NE Suisun,8755.092296219098,4
2019,5,NW Suisun,17942.271565651594,4
2019,5,SE Suisun,12806.496114596643,6
2019,5,SW Suisun,27499.08090147887,4
2019,6,Confluence,39793.1935171694,18
2019,6,NE Suisun,36822.26562752305,8
2019,6,NW Suisun,36379.412741438835,9
2019,6,SE Suisun,42182.40225523363,12
2019,6,SW Suisun,48687.657255189435,7
2019,7,Confluence,40153.06905637757,13
2019,7,NE Suisun,13789.970895747061,8
2019,7,NW Suisun,25493.891515540327,7
2019,7,SE Suisun,36607.14439457467,8
2019,7,SW Suisun,23270.409579560255,5
2019,8,Confluence,16019.590756777958,10
2019,8,NE Suisun,4620.4656765,6
2019,8,NW Suisun,32479.66752588683,5
2019,8,SE Suisun,46303.730606875186,6
2019,8,SW Suisun,46035.72961906861,3
2019,9,Confluence,11567.165616988423,9
2019,9,NE Suisun,3321.080327,8
2019,9,NW Suisun,13640.018442450804,7
2019,9,SE Suisun,20047.710554965604,9
2019,9,SW Suisun,21661.214740469695,4
2019,10,Confluence,9959.17681754744,8
2019,10,NE Suisun,2859.051957,4
2019,10,NW Suisun,31963.82918049169,7
2019,10,SE Suisun,14042.652396746433,7
2019,10,SW Suisun,14254.435410630666,4
2019,11,Confluence,11097.445184360135,5
2019,11,NE Suisun,1712.212485,1
2019,11,NW Suisun,7333.367206102003,4
2019,11,SE Suisun,15100.495864481129,5
2019,11,SW Suisun,10722.690695378098,2
2019,12,Confluence,8451.395300484186,6
2019,12,NE Suisun,539.682278,1
2019,12,NW Suisun,6029.962016734792,4
2019,12,SE Suisun,7364.431793277902,5
2019,12,SW Suisun,13892.942805414217,2
2020,1,Confluence,2842.65684151761,3
2020,1,NW Suisun,16210.90240500253,1
2020,1,SE Suisun,7112.8730821410045,2
2020,1,SW Suisun,5690.7839900307345,1
2020,2,Confluence,2780.4570237979683,3
2020,2,NW Suisun,27410.00101189957,1
2020,2,SE Suisun,14953.99186514772,2
2020,2,SW Suisun,5534.989126665309,1
2020,3,Confluence,8586.553064232849,7
2020,3,NE Suisun,952.9078709244893,2
2020,3,NW Suisun,18588.98095788072,3
2020,3,SE Suisun,18471.809575957952,4
2020,3,SW Suisun,4039.221699734231,3
2020,5,Confluence,7215.723579971378,8
2020,5,NE Suisun,10187.425016453593,4
2020,5,NW Suisun,3420.5105987084435,3
2020,5,SE Suisun,2477.004942612147,4
2020,5,SW Suisun,954.6400623375647,4
2020,6,Confluence,11613.104820085664,15
2020,6,NE Suisun,5057.552093686213,6
2020,6,NW Suisun,30964.237297250496,6
2020,6,SE Suisun,17397.796444207965,8
2020,6,SW Suisun,9108.174213917571,4
2020,7,Confluence,12959.852408498395,18
2020,7,NE Suisun,4644.731821621055,6
2020,7,NW Suisun,24681.51319062347,8
2020,7,SE Suisun,46664.4323369478,8
2020,7,SW Suisun,11395.08277827582,5
2020,8,Confluence,25304.25214304918,11
2020,8,NE Suisun,6014.53,4
2020,8,NW Suisun,15598.645375737353,5
2020,8,SE Suisun,46564.81561074364,6
2020,8,SW Suisun,22987.060687613586,3
2020,9,Confluence,40978.21225411189,7
2020,9,NE Suisun,3683.8823,2
2020,9,NW Suisun,23984.347955986996,4
2020,9,SE Suisun,41229.89456578049,6
2020,9,SW Suisun,22607.285983780934,2
2020,10,Confluence,44868.01108068937,7
2020,10,NE Suisun,3182.0325000000003,2
2020,10,NW Suisun,29551.37913673441,5
2020,10,SE Suisun,29088.823337963946,6
2020,10,SW Suisun,10684.751479397939,2
2020,11,Confluence,17992.946746825466,5
2020,11,NE Suisun,3812.3055,1
2020,11,NW Suisun,13835.676704166463,4
2020,11,SE Suisun,19141.703291648253,5
2020,11,SW Suisun,16247.476957389426,2
2020,12,Confluence,3423.194532585804,4
2020,12,NE Suisun,656.9635000000001,1
2020,12,NW Suisun,3219.7654333333335,3
2020,12,SE Suisun,2237.2897333333335,3
2020,12,SW Suisun,4604.8134,1
2021,3,Confluence,5745.464086802782,2
2021,3,NW Suisun,52511.846309975794,1
2021,3,SE Suisun,22770.12713363581,2
2021,3,SW Suisun,12692.804967029642,1
2021,4,Confluence,13184.910984410162,2
2021,4,NW Suisun,98141.88098598304,1
2021,4,SE Suisun,60182.94288387778,2
2021,4,SW Suisun,26742.609668632787,1
2021,5,Confluence,10141.51771885662,2
2021,5,NW Suisun,411709.76802528126,1
2021,5,SE Suisun,70520.78089307921,2
2021,5,SW Suisun,30916.431917096186,1
2021,6,Confluence,14705.869705314577,10
2021,6,NE Suisun,2299.0202,4
2021,6,NW Suisun,21951.074254925585,5
2021,6,SE Suisun,33541.60171360556,6
2021,6,SW Suisun,7926.6886827465205,3
2021,7,Confluence,40167.2463928917,10
2021,7,NE Suisun,5547.150475,4
2021,7,NW Suisun,19595.149038913485,5
2021,7,SE Suisun,48845.46198795522,6
2021,7,SW Suisun,8602.648658477516,3
2021,8,Confluence,18086.26437095584,10
2021,8,NE Suisun,2557.32135,4
2021,8,NW Suisun,13326.95802988989,5
2021,8,SE Suisun,26254.95455614841,6
2021,8,SW Suisun,6839.266016523492,3
2021,9,Confluence,33624.17724884956,6
2021,9,NE Suisun,2288.63312,2
2021,9,NW Suisun,38448.76658073501,2
2021,9,SE Suisun,50520.46310590037,3
2021,9,SW Suisun,14733.39863476709,1
2021,10,Confluence,22257.022281584992,6
2021,10,NE Suisun,2999.8818499999998,2
2021,10,NW Suisun,16901.966513242583,2
2021,10,SE Suisun,18701.74058082274,3
2021,10,SW Suisun,14606.665241488203,1
2021,11,Confluence,13724.040264442421,3
2021,11,NW Suisun,38248.671925021146,1
2021,11,SE Suisun,33405.48815695098,2
2021,11,SW Suisun,13104.943862093165,1
2021,12,Confluence,9073.023153191161,2
2021,12,NW Suisun,14225.424248626732,1
2021,12,SE Suisun,15197.992303545063,2
2021,12,SW Suisun,5120.973942129462,1
